Country Name,Country Code,Indicator Name,Indicator Code,2000,2001,2002,2003,2004,2005,2006,2007,2008,2009,2010,2011,2012,2013,2014,2015,2016,2017,2018,2019,2020,2021
Aruba,ABW,Population ages 65 and above (% of total population),SP.POP.65UP.TO.ZS,6.919114264,7.149591192,7.425828875,7.700564179,7.992880013,8.285088323,8.54126027,8.779588168,9.027409282,9.297766399,9.609682933,9.980945423,10.40333361,10.85585148,11.33366797,11.84806848,12.40053588,12.98387212,13.60966011,14.27014585,14.93697489,15.54349918
Africa Eastern and Southern,AFE,Population ages 65 and above (% of total population),SP.POP.65UP.TO.ZS,2.856659959,2.858551655,2.860163415,2.860608755,2.861410765,2.863970227,2.866853866,2.869570555,2.87212003,2.878087229,2.891611011,2.912162706,2.936452925,2.961485754,2.988267972,3.015478983,3.045317551,3.078668173,3.112947405,3.146361742,3.166691499,3.165335309
Afghanistan,AFG,Population ages 65 and above (% of total population),SP.POP.65UP.TO.ZS,2.284807347,2.284846345,2.288833948,2.293912643,2.296647378,2.29941264,2.302380967,2.305711969,2.317614137,2.335292383,2.353431072,2.373882092,2.391984686,2.403284579,2.409162003,2.405815764,2.398989555,2.399817582,2.407092974,2.417753839,2.416953015,2.404058438
Africa Western and Central,AFW,Population ages 65 and above (% of total population),SP.POP.65UP.TO.ZS,3.083719996,3.069385905,3.056762798,3.045265555,3.032965691,3.020523709,3.009518608,2.999763099,2.991373969,2.984616206,2.978287899,2.970061005,2.959301274,2.942428986,2.917341272,2.899566207,2.893535376,2.891033544,2.892692621,2.898528557,2.896956505,2.883146349
Angola,AGO,Population ages 65 and above (% of total population),SP.POP.65UP.TO.ZS,2.42654932,2.468107104,2.506568443,2.541242531,2.569901911,2.58955362,2.601337379,2.606399982,2.606474548,2.603536465,2.598718881,2.592223957,2.584827852,2.573570385,2.556774906,2.546816715,2.545834262,2.549056515,2.559534927,2.575997135,2.589975209,2.594469848
Albania,ALB,Population ages 65 and above (% of total population),SP.POP.65UP.TO.ZS,7.821964063,8.145374257,8.508105038,8.899815745,9.308443989,9.719883771,10.12060717,10.51660681,10.90194462,11.26527299,11.61452454,11.96302627,12.32096198,12.69380751,13.09814979,13.53343067,13.97133627,14.40114192,14.85033262,15.35055266,15.82211268,16.23424096
Andorra,AND,Population ages 65 and above (% of total population),SP.POP.65UP.TO.ZS,12.71757631,12.75803598,12.47591692,12.23759429,12.02857013,11.83832234,11.71084698,11.59290507,11.40424693,11.15067974,10.82571886,10.80596592,11.17549727,11.6252023,12.10320923,12.58824595,12.93139694,13.1845361,13.51023482,13.84278847,14.19498069,14.53551636
Arab World,ARB,Population ages 65 and above (% of total population),SP.POP.65UP.TO.ZS,3.632748323,3.647506315,3.660212074,3.667602646,3.669403499,3.662564802,3.645000595,3.623468874,3.60678375,3.601236781,3.614591319,3.652740086,3.705761075,3.76498207,3.828259859,3.897071272,3.972503118,4.057329797,4.151618603,4.252383078,4.355763403,4.453652479
United Arab Emirates,ARE,Population ages 65 and above (% of total population),SP.POP.65UP.TO.ZS,0.897588123,0.885820802,0.87244123,0.854332948,0.829243398,0.77318501,0.630644763,0.433596634,0.268190673,0.171770443,0.175989189,0.247725856,0.33109176,0.428292426,0.541775269,0.673961878,0.827883285,1.007807917,1.219681976,1.471021989,1.653975665,1.758413872
Argentina,ARG,Population ages 65 and above (% of total population),SP.POP.65UP.TO.ZS,9.7419049,9.803152933,9.866431932,9.920883482,9.978027115,10.05273915,10.13624808,10.21733526,10.30392512,10.40811319,10.51373739,10.62366904,10.74837974,10.87560216,10.9955028,11.11248057,11.22001902,11.33044605,11.45975435,11.60059823,11.72745414,11.82190739
Armenia,ARM,Population ages 65 and above (% of total population),SP.POP.65UP.TO.ZS,9.079039496,9.459778844,9.881990153,10.29547661,10.65538719,10.94038683,11.11823892,11.11330974,10.91213927,10.61916377,10.38571181,10.29340971,10.31091596,10.37575337,10.47823139,10.65592948,10.9205345,11.24599086,11.61043124,12.02424377,12.40789654,12.74540944
American Samoa,ASM,Population ages 65 and above (% of total population),SP.POP.65UP.TO.ZS,3.179659794,3.284239764,3.399109614,3.526031015,3.647690692,3.742969923,3.817901913,3.889504722,3.941635877,3.964526966,4.041057804,4.176947155,4.329363121,4.514576847,4.719772486,4.948606136,5.207342214,5.486929624,5.78535437,6.105176403,6.453917599,6.844676363
Antigua and Barbuda,ATG,Population ages 65 and above (% of total population),SP.POP.65UP.TO.ZS,7.25867697,7.174440727,7.117041259,7.063766018,7.016632675,6.988318371,6.973811893,6.967585395,6.976492775,7.0084641,7.100180874,7.245558003,7.409266145,7.586132863,7.796180914,8.063664311,8.401194729,8.756132091,9.085898576,9.428821112,9.804778555,10.19260992
Australia,AUS,Population ages 65 and above (% of total population),SP.POP.65UP.TO.ZS,12.36854599,12.46893564,12.57032558,12.67543087,12.78845841,12.90237593,13.01136511,13.10974052,13.20636659,13.34930713,13.56620937,13.83718878,14.12543668,14.40088251,14.66477062,14.92486651,15.17582989,15.41849971,15.66882366,15.93194154,16.23359292,16.56915533
Austria,AUT,Population ages 65 and above (% of total population),SP.POP.65UP.TO.ZS,15.41303315,15.43474258,15.43300204,15.44696964,15.7088972,16.18938148,16.65682624,17.00454819,17.25869252,17.509071,17.635641,17.71443403,17.92926658,18.18002724,18.36984516,18.44460597,18.48506262,18.59689962,18.75050796,18.93011208,19.14942976,19.44115734
Azerbaijan,AZE,Population ages 65 and above (% of total population),SP.POP.65UP.TO.ZS,5.518887684,5.743572555,5.980845728,6.195882536,6.338477149,6.387082885,6.342275249,6.19751665,5.971918385,5.75003169,5.575042877,5.441368854,5.369352372,5.358912602,5.401123531,5.487966722,5.617071669,5.78473042,5.990300045,6.241042855,6.471513574,6.716586224
Burundi,BDI,Population ages 65 and above (% of total population),SP.POP.65UP.TO.ZS,2.430909595,2.418837845,2.410527817,2.404069411,2.396848478,2.387535476,2.37639066,2.364294935,2.353182351,2.34240931,2.32759595,2.31037615,2.294655524,2.282415204,2.265435753,2.275166602,2.318663729,2.362182808,2.404173325,2.442694376,2.466721873,2.476182979
Belgium,BEL,Population ages 65 and above (% of total population),SP.POP.65UP.TO.ZS,16.80178248,16.88271282,16.96088438,17.04240225,17.13086422,17.16941407,17.1142141,17.04451596,17.05010182,17.12042835,17.20317801,17.36884561,17.5984539,17.80417674,18.01571892,18.21216417,18.38894723,18.57801353,18.78355297,19.01177683,19.20761939,19.41707041
Benin,BEN,Population ages 65 and above (% of total population),SP.POP.65UP.TO.ZS,3.281784012,3.257039391,3.233154143,3.210998005,3.193201288,3.179312537,3.170905637,3.168797286,3.171088518,3.175710434,3.180766887,3.18297747,3.17751154,3.16043765,3.120804225,3.09177896,3.087689972,3.085106782,3.08584094,3.090360283,3.088861035,3.076384783
Burkina Faso,BFA,Population ages 65 and above (% of total population),SP.POP.65UP.TO.ZS,2.937581335,2.894288294,2.855504423,2.821426135,2.790607927,2.76294675,2.73922803,2.720522375,2.709483505,2.705823759,2.706118971,2.707115788,2.703022266,2.677126847,2.636759234,2.60490967,2.583077231,2.569160291,2.563877811,2.565269476,2.561413742,2.547206289
Bangladesh,BGD,Population ages 65 and above (% of total population),SP.POP.65UP.TO.ZS,3.760924123,3.833554299,3.905539955,3.978593016,4.049042175,4.116786882,4.187113474,4.250552468,4.312835,4.378055116,4.446822447,4.522813743,4.599282417,4.664372196,4.721536734,4.807338607,4.926093348,5.070918792,5.246503448,5.443869725,5.632962584,5.827112044
Bulgaria,BGR,Population ages 65 and above (% of total population),SP.POP.65UP.TO.ZS,16.79097679,17.02808033,17.23001551,17.38237284,17.51385974,17.63428586,17.75263468,17.8795913,18.02079711,18.19693033,18.43739803,18.78863284,19.19159296,19.61960217,20.07968784,20.50764828,20.87538398,21.20742309,21.56944139,21.94998903,22.26512605,22.42111107
Bahrain,BHR,Population ages 65 and above (% of total population),SP.POP.65UP.TO.ZS,2.463447477,2.472896528,2.484216406,2.469558558,2.411059558,2.343830557,2.285009843,2.225640346,2.168428059,2.120856923,2.135510028,2.195240071,2.234640976,2.376725189,2.636075856,2.77309561,2.775596402,2.764041751,2.800772789,2.948188933,3.197122918,3.488703861
"Bahamas, The",BHS,Population ages 65 and above (% of total population),SP.POP.65UP.TO.ZS,5.017014652,5.139461086,5.245327872,5.350519439,5.471458614,5.604018355,5.734061693,5.866917925,5.991124464,6.096482469,6.192669153,6.310623098,6.468993171,6.646311422,6.831504044,7.029456516,7.229469426,7.431832991,7.674919415,7.967851255,8.278932225,8.567793276
Bosnia and Herzegovina,BIH,Population ages 65 and above (% of total population),SP.POP.65UP.TO.ZS,11.34541256,11.77651986,12.20665681,12.65556293,13.15772196,13.59939203,13.92824276,14.12345518,14.17863278,14.1952034,14.20251907,14.24051161,14.3662975,14.61111133,14.92492091,15.27490095,15.67393549,16.13536754,16.66852934,17.23088995,17.74286311,18.14322353
Belarus,BLR,Population ages 65 and above (% of total population),SP.POP.65UP.TO.ZS,13.87561964,14.15217128,14.44219572,14.71729043,14.94702973,15.08756323,15.12062215,15.02732652,14.82393537,14.56423038,14.32513443,14.21805017,14.28277646,14.47553649,14.73412815,14.98590965,15.22999842,15.50296893,15.8307242,16.21575049,16.55272944,16.82916905
Belize,BLZ,Population ages 65 and above (% of total population),SP.POP.65UP.TO.ZS,3.943329201,3.939346915,3.920316266,3.903628058,3.892830042,3.886937138,3.889973141,3.897891299,3.914169296,3.947219742,3.980515761,4.01031749,4.056114805,4.120979148,4.194871358,4.273892589,4.361545006,4.455241417,4.553270901,4.661715005,4.805650758,4.95586592
Bermuda,BMU,Population ages 65 and above (% of total population),SP.POP.65UP.TO.ZS,10.63042805,10.90053916,11.18290298,11.4611598,11.74759525,12.00552745,12.17967518,12.36630222,12.63565585,12.92588413,13.31268618,13.84005163,14.40831963,14.97732498,15.4912793,15.98172431,16.53057018,17.15290399,17.77697378,18.37913229,19.02218474,19.68138973
Bolivia,BOL,Population ages 65 and above (% of total population),SP.POP.65UP.TO.ZS,5.092837418,5.088780304,5.015997267,4.952802014,4.899786562,4.857759965,4.824989881,4.801469486,4.789196357,4.789232854,4.800039752,4.819273458,4.841695084,4.857819475,4.865774555,4.87590019,4.893906965,4.917859757,4.948201092,4.986119713,4.978409308,4.910156669
Brazil,BRA,Population ages 65 and above (% of total population),SP.POP.65UP.TO.ZS,5.503783071,5.614173935,5.732844368,5.858649619,5.993092551,6.13568448,6.284778698,6.437490694,6.592997478,6.750328236,6.907883767,7.067246591,7.237875538,7.430980168,7.65744287,7.906244416,8.161850983,8.428128041,8.705594587,8.995409204,9.290755128,9.581064889
Barbados,BRB,Population ages 65 and above (% of total population),SP.POP.65UP.TO.ZS,11.20393566,11.24195247,11.29346419,11.32284607,11.31785255,11.32508526,11.33195649,11.35998585,11.45137005,11.61230352,11.77182566,11.92072933,12.1320794,12.39539126,12.69977981,13.03459758,13.36843125,13.73595475,14.15467565,14.62401782,15.15623831,15.71553292
Brunei Darussalam,BRN,Population ages 65 and above (% of total population),SP.POP.65UP.TO.ZS,2.864253062,2.924884482,2.98765624,3.05413585,3.127527149,3.208600626,3.287751336,3.355260813,3.402779222,3.428035592,3.4410842,3.493472078,3.600043282,3.735585769,3.899979839,4.090651854,4.310154603,4.557999333,4.833924165,5.138586252,5.466523289,5.810635131
Bhutan,BTN,Population ages 65 and above (% of total population),SP.POP.65UP.TO.ZS,3.965381884,4.140184406,4.31000504,4.471839364,4.620448591,4.734118974,4.811369167,4.881578783,4.960151478,5.047317708,5.141764934,5.240277824,5.34018447,5.442807782,5.55233399,5.675766945,5.812781798,5.883115346,5.899646567,5.950089842,6.032056709,6.136248025
Botswana,BWA,Population ages 65 and above (% of total population),SP.POP.65UP.TO.ZS,3.249594886,3.249675072,3.249791589,3.249257539,3.243907621,3.232738467,3.215994579,3.196605756,3.178690991,3.164938748,3.156672593,3.152311792,3.148303631,3.14486952,3.162483402,3.203883095,3.25514349,3.317373347,3.388358162,3.467354002,3.548359607,3.592476964
Central African Republic,CAF,Population ages 65 and above (% of total population),SP.POP.65UP.TO.ZS,2.114456117,2.083439267,2.057917677,2.039141595,2.023115628,2.010687282,2.000988508,1.996803159,1.999559907,2.007617416,2.019477402,2.033824019,2.051639058,2.073294792,2.111838027,2.173433544,2.241639908,2.30940527,2.375107463,2.436246772,2.478869628,2.499132103
Canada,CAN,Population ages 65 and above (% of total population),SP.POP.65UP.TO.ZS,12.48776187,12.57802591,12.66176204,12.75662606,12.86600699,12.99478183,13.15901574,13.35425346,13.57121184,13.80254794,14.06366336,14.39514192,14.79653228,15.21397733,15.61638671,16.00905303,16.3953224,16.77768971,17.15811508,17.5606627,18.0184266,18.52128365
Central Europe and the Baltics,CEB,Population ages 65 and above (% of total population),SP.POP.65UP.TO.ZS,13.47200371,13.67315245,13.89200826,14.09384976,14.28362331,14.46465238,14.63075599,14.77688577,14.90931895,15.0537925,15.19299658,15.41137245,15.74609252,16.13015961,16.55834255,17.00240588,17.45581924,17.90736604,18.35726715,18.82283665,19.26396669,19.6037645
Switzerland,CHE,Population ages 65 and above (% of total population),SP.POP.65UP.TO.ZS,15.30757405,15.42782151,15.50723014,15.56691019,15.67349049,15.8112049,15.99227961,16.19576436,16.38028598,16.58673162,16.78992431,17.01056203,17.26467275,17.48641598,17.6841959,17.86176491,18.01296278,18.17543054,18.36272969,18.55694219,18.72584754,18.96531361
Channel Islands,CHI,Population ages 65 and above (% of total population),SP.POP.65UP.TO.ZS,14.46941465,14.5391115,14.62425212,14.71806608,14.83636266,14.94919211,15.00157911,15.01326485,15.07488242,15.20475723,15.33238813,15.59919908,15.99441436,16.29128753,16.54004506,16.76089771,17.02891801,17.18881457,16.97856007,16.58638805,16.29980276,16.22969189
Chile,CHL,Population ages 65 and above (% of total population),SP.POP.65UP.TO.ZS,7.983097225,8.173365481,8.358796696,8.538870541,8.712813747,8.887229433,9.064322428,9.233908914,9.408043226,9.601750016,9.792208519,9.99416953,10.22105816,10.4743884,10.74716963,11.03666656,11.33669078,11.61206445,11.86773988,12.12540643,12.3955778,12.68114248
China,CHN,Population ages 65 and above (% of total population),SP.POP.65UP.TO.ZS,6.920629217,7.121075184,7.317425377,7.502387745,7.666347191,7.825417455,7.996801589,8.158964215,8.303531862,8.450282029,8.61654916,8.816148032,9.049303432,9.320377287,9.633185443,10.02005367,10.45679874,10.94635566,11.48005332,12.02211581,12.59826196,13.14975327
Cote d'Ivoire,CIV,Population ages 65 and above (% of total population),SP.POP.65UP.TO.ZS,2.601205857,2.558324235,2.535693914,2.530479066,2.524647946,2.518332027,2.512519621,2.509004513,2.508230713,2.509807396,2.51273648,2.494094722,2.456533493,2.422252973,2.395652064,2.380951675,2.375594663,2.377958513,2.386854846,2.400978203,2.40883204,2.403087984
Cameroon,CMR,Population ages 65 and above (% of total population),SP.POP.65UP.TO.ZS,3.32011306,3.291949083,3.264147435,3.235345804,3.20408388,3.170411545,3.136739172,3.104008653,3.072660761,3.043346763,3.016246097,2.991115941,2.965969536,2.935133374,2.892219743,2.851545128,2.821436148,2.795494306,2.774594384,2.759351837,2.736984759,2.701638112
"Congo, Dem. Rep.",COD,Population ages 65 and above (% of total population),SP.POP.65UP.TO.ZS,2.950882725,2.967453007,2.983361788,3.000023146,3.015885604,3.030515526,3.044688003,3.057622612,3.069852165,3.082059825,3.092719724,3.100526058,3.104434,3.100574257,3.088837801,3.072926078,3.054785914,3.037900533,3.026611613,3.019821935,3.000711408,2.962397011
"Congo, Rep.",COG,Population ages 65 and above (% of total population),SP.POP.65UP.TO.ZS,3.041866223,2.999614947,2.973905771,2.948824735,2.912818657,2.870109471,2.825292117,2.779685762,2.732173294,2.682354804,2.63675211,2.601044541,2.57689137,2.56255791,2.554692381,2.552135639,2.557567266,2.570995321,2.590266385,2.617025678,2.647639304,2.677787781
Colombia,COL,Population ages 65 and above (% of total population),SP.POP.65UP.TO.ZS,4.580772136,4.668714132,4.758723845,4.85398879,4.957866376,5.073645921,5.208273241,5.363090134,5.535225778,5.720236828,5.915986725,6.127362462,6.35479883,6.592895703,6.852256163,7.131367566,7.407812532,7.671566384,7.930591459,8.204019269,8.472310762,8.71970649
Comoros,COM,Population ages 65 and above (% of total population),SP.POP.65UP.TO.ZS,3.888161786,3.879662103,3.857636299,3.842807781,3.900174395,4.018843125,4.129031725,4.218272182,4.270580227,4.278723659,4.250911552,4.205826103,4.16089343,4.130584757,4.121747186,4.131520079,4.147771739,4.194697399,4.265415969,4.320556875,4.334032941,4.303785605
Cabo Verde,CPV,Population ages 65 and above (% of total population),SP.POP.65UP.TO.ZS,4.702553841,4.868142622,5.048908461,5.24048666,5.431139189,5.61332312,5.782807226,5.939482795,6.084820672,6.219970425,6.163321102,5.935492677,5.73273343,5.559599215,5.419392173,5.300670451,5.225875255,5.218477965,5.248673192,5.30153952,5.368409309,5.440659948
Costa Rica,CRI,Population ages 65 and above (% of total population),SP.POP.65UP.TO.ZS,5.854893926,5.979045068,6.116203204,6.265144491,6.418407451,6.576701383,6.740233908,6.9078308,7.07944453,7.262310773,7.460974376,7.682780915,7.926667129,8.185310135,8.449052941,8.710141399,8.983783281,9.272661137,9.57236585,9.885492892,10.21832463,10.5302877
Caribbean small states,CSS,Population ages 65 and above (% of total population),SP.POP.65UP.TO.ZS,5.71462291,5.71871869,5.724214328,5.738798132,5.761493708,5.798826044,5.85456858,5.928744083,6.02167192,6.136334347,6.269085002,6.410320586,6.558325143,6.711600879,6.857407608,7.020174569,7.216791088,7.423592034,7.623725429,7.864779542,8.14603637,8.390394585
Cuba,CUB,Population ages 65 and above (% of total population),SP.POP.65UP.TO.ZS,9.895107877,10.11432494,10.36306817,10.61407686,10.86571047,11.13797619,11.41949873,11.71736682,12.03645085,12.35205308,12.66612594,12.98732276,13.30431884,13.60548676,13.87975548,14.14268511,14.40837897,14.68666654,14.988594,15.28634704,15.55180485,15.6703414
Curacao,CUW,Population ages 65 and above (% of total population),SP.POP.65UP.TO.ZS,9.329038918,9.618789598,9.81274203,9.951575034,10.08422765,10.23441054,10.41833708,10.64261978,10.90619168,11.21106936,11.5604579,11.93185157,12.28160062,12.62519863,12.99088531,13.37602906,13.78064244,14.20146976,13.69111421,13.55858037,14.24677146,14.57853923
Cayman Islands,CYM,Population ages 65 and above (% of total population),SP.POP.65UP.TO.ZS,5.524666843,5.501223983,5.462061168,5.426047307,5.406688527,5.379174558,5.356290346,5.337684049,5.315611369,5.334448637,5.399132662,5.487277445,5.620823074,5.77458256,5.958747135,6.2041339,6.463789766,6.718201979,6.980919795,7.252699066,7.527800269,7.824791593
Cyprus,CYP,Population ages 65 and above (% of total population),SP.POP.65UP.TO.ZS,9.93922936,10.03694951,10.09066941,10.12575599,10.19726913,10.30290875,10.44168393,10.61415084,10.81628356,11.04085244,11.28606147,11.54048692,11.80413581,12.09068625,12.39542224,12.7021006,12.99782157,13.28576287,13.57058526,13.85334827,14.15444548,14.48048848
Czechia,CZE,Population ages 65 and above (% of total population),SP.POP.65UP.TO.ZS,13.74105373,13.78685189,13.8166098,13.84708048,13.91530201,14.05486982,14.25214815,14.48217029,14.78170479,15.13745129,15.46213387,15.90314221,16.5022106,17.08687079,17.60840107,18.08848944,18.56179246,19.02230066,19.44175727,19.82028156,20.16489295,20.45258804
Germany,DEU,Population ages 65 and above (% of total population),SP.POP.65UP.TO.ZS,16.43227705,16.86150924,17.31372697,17.80121014,18.37282855,18.99304917,19.56047069,19.9439801,20.1890444,20.40787779,20.45449873,20.40445804,20.45546732,20.56869042,20.7438862,20.95047293,21.1361288,21.31059656,21.49912478,21.7302904,21.96373441,22.17026552
Djibouti,DJI,Population ages 65 and above (% of total population),SP.POP.65UP.TO.ZS,3.205250444,3.221202615,3.240790315,3.283933379,3.345540481,3.407186396,3.460372054,3.511111933,3.568524136,3.632381648,3.705289222,3.784596778,3.869394889,3.961553997,4.058492356,4.147143032,4.21856974,4.280052777,4.341192473,4.404912877,4.457481315,4.49546948
Dominica,DMA,Population ages 65 and above (% of total population),SP.POP.65UP.TO.ZS,9.856465631,10.05612413,10.12569219,10.16400628,10.22253332,10.30018857,10.42594047,10.5910578,10.76735192,10.96363385,11.17882336,11.14311484,10.81530299,10.71005616,10.0791397,9.506260133,9.520513735,9.320625542,9.21317378,9.156073249,9.172228434,9.318142586
Denmark,DNK,Population ages 65 and above (% of total population),SP.POP.65UP.TO.ZS,14.83840465,14.82161493,14.83067367,14.8736045,14.95392188,15.07215599,15.21490686,15.42737022,15.73461165,16.11756512,16.57601536,17.09171028,17.60826873,18.05097056,18.42033287,18.74973141,19.03934162,19.30034148,19.55499224,19.80256486,20.04691844,20.26872658
Dominican Republic,DOM,Population ages 65 and above (% of total population),SP.POP.65UP.TO.ZS,4.746293128,4.914615973,5.043097288,5.130309337,5.212240191,5.284749161,5.350301718,5.408198884,5.458289043,5.504105955,5.555990305,5.623039061,5.711496471,5.824416949,5.948751789,6.080378772,6.22563575,6.384905803,6.561097941,6.760222783,6.964985793,7.168119875
Algeria,DZA,Population ages 65 and above (% of total population),SP.POP.65UP.TO.ZS,4.243646087,4.335624271,4.425128773,4.508414189,4.582966705,4.651861206,4.709836126,4.752013292,4.78171401,4.806103665,4.830585974,4.860499084,4.903067419,4.967424682,5.063424971,5.190756848,5.339630282,5.499513741,5.670405951,5.855036703,6.017470078,6.181999971
East Asia & Pacific (excluding high income),EAP,Population ages 65 and above (% of total population),SP.POP.65UP.TO.ZS,6.347964627,6.51717305,6.682848791,6.840319077,6.982614679,7.12020353,7.263459403,7.397018387,7.516565952,7.637650139,7.773333439,7.933292129,8.11796472,8.331147451,8.579609625,8.88365832,9.220538161,9.597045755,10.01028903,10.43584631,10.8848953,11.30645251
Early-demographic dividend,EAR,Population ages 65 and above (% of total population),SP.POP.65UP.TO.ZS,4.388457265,4.446093591,4.506887423,4.568164957,4.62559754,4.679306613,4.730235102,4.779034396,4.82846314,4.880575445,4.935042598,4.998378507,5.071842068,5.154030075,5.256824238,5.380671313,5.514992785,5.659958219,5.818264284,5.984639668,6.134462644,6.241735965
East Asia & Pacific,EAS,Population ages 65 and above (% of total population),SP.POP.65UP.TO.ZS,7.177850814,7.373855824,7.56665176,7.748419859,7.91238401,8.074619487,8.249198062,8.417597674,8.569357843,8.718764874,8.874293116,9.046361317,9.256760638,9.50866283,9.793866391,10.12188941,10.47032902,10.85155751,11.26474626,11.68834067,12.13250704,12.54755698
Europe & Central Asia (excluding high income),ECA,Population ages 65 and above (% of total population),SP.POP.65UP.TO.ZS,10.15629,10.28718593,10.50218634,10.7587989,10.99123162,11.1665114,11.26679028,11.23496902,11.03656327,10.78604441,10.56838017,10.4812923,10.53061084,10.62539691,10.78594176,10.98507724,11.17196399,11.36878486,11.6017145,11.87404906,12.11982686,12.29285935
Europe & Central Asia,ECS,Population ages 65 and above (% of total population),SP.POP.65UP.TO.ZS,13.31498395,13.48970012,13.69772875,13.91231864,14.12501208,14.32440114,14.47632186,14.54190669,14.53348895,14.52106455,14.51283814,14.58222218,14.77520217,15.00374946,15.26476111,15.52555469,15.76662954,16.00747995,16.26534606,16.54555007,16.81036213,17.03286777
Ecuador,ECU,Population ages 65 and above (% of total population),SP.POP.65UP.TO.ZS,4.823784599,4.90909633,4.996645719,5.087971677,5.185989161,5.290848886,5.40035819,5.514159913,5.632851174,5.755741494,5.880913118,6.006170999,6.137394606,6.291681999,6.471559019,6.661425835,6.852745979,7.044414834,7.224833883,7.409863518,7.544158372,7.642072697
"Egypt, Arab Rep.",EGY,Population ages 65 and above (% of total population),SP.POP.65UP.TO.ZS,4.475901798,4.471363727,4.459388858,4.430573057,4.382860745,4.325079499,4.2651105,4.208972733,4.16476064,4.141035626,4.141986284,4.17120095,4.227675452,4.287214541,4.330787585,4.363911417,4.404531489,4.465877731,4.542725781,4.627644387,4.708709059,4.774544695
Euro area,EMU,Population ages 65 and above (% of total population),SP.POP.65UP.TO.ZS,16.34662744,16.59883222,16.83126989,17.03798514,17.26770595,17.53043201,17.76019715,17.90688832,18.03761549,18.20516903,18.34777917,18.53143686,18.82290685,19.15064153,19.49715341,19.81179831,20.09360762,20.36397044,20.62863469,20.90321857,21.17466185,21.43991709
Eritrea,ERI,Population ages 65 and above (% of total population),SP.POP.65UP.TO.ZS,3.102329223,3.145341666,3.184255939,3.21511289,3.240733955,3.276422345,3.324493341,3.380069665,3.428412402,3.479682142,3.539141101,3.603272883,3.674234365,3.7345963,3.798716685,3.84822662,3.874111796,3.906568072,3.936916001,3.969068983,3.996576926,4.00741704
Spain,ESP,Population ages 65 and above (% of total population),SP.POP.65UP.TO.ZS,16.71693279,16.97628934,17.07723351,16.96139976,16.75179691,16.66393654,16.63927835,16.52347505,16.52296286,16.69152014,16.94777566,17.21089791,17.4919299,17.88474757,18.29378487,18.58662625,18.82382503,19.06741195,19.2922224,19.4846195,19.67250859,19.90288171
Estonia,EST,Population ages 65 and above (% of total population),SP.POP.65UP.TO.ZS,14.98321434,15.27462825,15.63270352,16.01107641,16.37337195,16.70903886,17.06763782,17.36128801,17.43560823,17.43113698,17.44268833,17.5731056,17.8636286,18.19907943,18.56239435,18.88949699,19.18562259,19.46937817,19.68010377,19.90221083,20.181181,20.37140034
Ethiopia,ETH,Population ages 65 and above (% of total population),SP.POP.65UP.TO.ZS,2.634311956,2.644614215,2.650499226,2.656646654,2.665784412,2.677414603,2.689751233,2.701854987,2.717318848,2.742263798,2.774570601,2.81179342,2.852814186,2.891597912,2.926040214,2.960242401,2.995196885,3.030466857,3.066924085,3.103883262,3.130096838,3.138420379
European Union,EUU,Population ages 65 and above (% of total population),SP.POP.65UP.TO.ZS,15.72560201,15.96047605,16.18536714,16.38603402,16.60249023,16.84262198,17.05448667,17.20260895,17.33971798,17.50959201,17.66255784,17.86231476,18.17056275,18.51489761,18.8807927,19.22357928,19.54109363,19.84737019,20.14875575,20.45972635,20.76226135,21.04049671
Fragile and conflict affected situations,FCS,Population ages 65 and above (% of total population),SP.POP.65UP.TO.ZS,4.033156654,4.025649849,4.031546291,4.040498153,4.042664805,4.03660809,4.02326853,4.001116061,3.96636966,3.932530138,3.901654244,3.882957095,3.878964987,3.879009452,3.886921356,3.905028154,3.927003887,3.952408178,3.979975919,4.009351412,4.025824095,4.022707394
Finland,FIN,Population ages 65 and above (% of total population),SP.POP.65UP.TO.ZS,14.91885277,15.07954169,15.24843645,15.45948975,15.72425074,15.93722235,16.23496641,16.48791411,16.63078692,16.88104008,17.26026736,17.82220518,18.45005739,19.07255025,19.66451336,20.20729776,20.68212386,21.14393617,21.61328854,22.0597926,22.49009308,22.89150707
Fiji,FJI,Population ages 65 and above (% of total population),SP.POP.65UP.TO.ZS,3.19432174,3.288998241,3.380607995,3.475569014,3.582577252,3.695408799,3.813627938,3.937357969,4.037500676,4.113514518,4.200263045,4.307789525,4.429954591,4.557158387,4.686858316,4.783962058,4.866279532,4.993479457,5.157040945,5.342939221,5.539252647,5.718414098
France,FRA,Population ages 65 and above (% of total population),SP.POP.65UP.TO.ZS,16.1551237,16.26208506,16.35571388,16.42458654,16.50704266,16.57583097,16.59016089,16.62768603,16.72506196,16.84885595,16.98227886,17.26770392,17.71161851,18.17498585,18.6484202,19.10506446,19.52716296,19.9283842,20.31023071,20.67632521,21.00954771,21.32325522
Faroe Islands,FRO,Population ages 65 and above (% of total population),SP.POP.65UP.TO.ZS,13.57110787,13.511731,13.42789396,13.36632096,13.32923513,13.3449986,13.46842465,13.72786204,14.09479153,14.47981086,14.78929973,15.06339709,15.45106062,15.94241811,16.51724458,17.00244794,17.31111111,17.5172455,17.62339319,17.68735125,17.80787942,17.90275769
"Micronesia, Fed. Sts.",FSM,Population ages 65 and above (% of total population),SP.POP.65UP.TO.ZS,3.287574356,3.380125683,3.477049598,3.541880953,3.562535053,3.536145664,3.479569542,3.412701311,3.341627991,3.272069901,3.23875915,3.301602603,3.44630054,3.635961863,3.86107646,4.114688726,4.372051981,4.627797574,4.905389934,5.2182423,5.558999701,5.882560925
Gabon,GAB,Population ages 65 and above (% of total population),SP.POP.65UP.TO.ZS,4.838976397,4.767065415,4.697114697,4.628672063,4.558469194,4.484545237,4.410015211,4.337666117,4.267777432,4.200983163,4.138436858,4.081495063,4.031730735,3.984541273,3.942816338,3.916309304,3.901724926,3.894280739,3.893638332,3.899458954,3.904390395,3.897822422
United Kingdom,GBR,Population ages 65 and above (% of total population),SP.POP.65UP.TO.ZS,15.71892126,15.73506986,15.76211817,15.78896268,15.81827647,15.83729455,15.84610558,15.89123421,15.99703593,16.15728838,16.3429417,16.59763442,16.95281509,17.30056237,17.58128987,17.7986611,17.97395859,18.14347532,18.32213612,18.53070305,18.7225119,18.91609894
Georgia,GEO,Population ages 65 and above (% of total population),SP.POP.65UP.TO.ZS,11.91763193,12.24340126,12.64752215,13.11686212,13.5882951,14.00521536,14.2995411,14.33652193,14.08515378,13.68995301,13.3985573,13.32627009,13.43068314,13.66218769,13.84969404,13.95089061,14.064957,14.17781489,14.27850198,14.39327169,14.50160014,14.55674325
Ghana,GHA,Population ages 65 and above (% of total population),SP.POP.65UP.TO.ZS,3.193584888,3.222638799,3.242038881,3.255962607,3.261175114,3.256541298,3.248456421,3.238019396,3.219519029,3.193367401,3.166406247,3.140671423,3.118332483,3.108604693,3.118721873,3.138228376,3.164405589,3.206191238,3.262254957,3.332054873,3.405507542,3.476763941
Gibraltar,GIB,Population ages 65 and above (% of total population),SP.POP.65UP.TO.ZS,15.16680785,15.41278115,15.62427176,15.7467934,15.84656637,15.93181389,15.86845574,15.6137485,15.34615195,15.29925207,15.64039409,16.06864029,16.34042818,16.73043103,17.26704055,17.80162672,18.30953478,18.7626526,19.17575349,19.59278579,20.04219087,20.43037084
Guinea,GIN,Population ages 65 and above (% of total population),SP.POP.65UP.TO.ZS,4.009899523,3.993237045,3.972544442,3.940543449,3.906600563,3.871193299,3.836677607,3.80249713,3.767429448,3.732630911,3.697819848,3.661978025,3.622510495,3.576952683,3.51223562,3.461066161,3.440495483,3.424473023,3.412131608,3.403468761,3.386810565,3.355724611
"Gambia, The",GMB,Population ages 65 and above (% of total population),SP.POP.65UP.TO.ZS,3.562094663,3.531888043,3.498371624,3.421916071,3.312099738,3.213805614,3.125237393,3.047169969,2.980624171,2.924069242,2.874191842,2.829779823,2.786613774,2.732920775,2.664161435,2.59820379,2.547961327,2.509804482,2.482457983,2.468189535,2.454996999,2.436138581
Guinea-Bissau,GNB,Population ages 65 and above (% of total population),SP.POP.65UP.TO.ZS,3.595566962,3.468124195,3.347612446,3.233032102,3.125851423,3.026753762,2.936231496,2.855527731,2.785247423,2.726959319,2.680541762,2.645590444,2.622831791,2.612365466,2.613535524,2.626725973,2.651547258,2.685434001,2.725492992,2.768876146,2.799395583,2.81180713
Equatorial Guinea,GNQ,Population ages 65 and above (% of total population),SP.POP.65UP.TO.ZS,3.134119832,3.13053295,3.138179762,3.155704645,3.18180443,3.216334876,3.258441548,3.305229842,3.351201517,3.389668923,3.41445075,3.36339364,3.253296337,3.159916748,3.097863391,3.071776494,3.074357373,3.09700047,3.128437915,3.158566429,3.166539112,3.147971003
Greece,GRC,Population ages 65 and above (% of total population),SP.POP.65UP.TO.ZS,16.90007319,17.19939291,17.51384307,17.82167235,18.1080217,18.36462538,18.5525864,18.6547347,18.76555583,18.96189461,19.25112629,19.61144961,19.949981,20.23895631,20.52246124,20.80453584,21.09836217,21.37256045,21.61863558,21.88048278,22.18141685,22.50814117
Grenada,GRD,Population ages 65 and above (% of total population),SP.POP.65UP.TO.ZS,8.370411051,8.56900649,8.726242943,8.861504506,8.915551538,8.95300376,8.975294626,8.982362866,8.982161035,8.985470135,9.007444822,9.032092449,9.052518063,9.08379616,9.130941533,9.191079135,9.262207625,9.337539954,9.430555328,9.550330621,9.685597147,9.84431426
Greenland,GRL,Population ages 65 and above (% of total population),SP.POP.65UP.TO.ZS,5.036131283,5.142233888,5.239105454,5.345637554,5.476031372,5.671770352,5.947791801,6.22839811,6.491096284,6.732575033,6.960834768,7.169442594,7.335605043,7.471161903,7.611813592,7.801304243,8.025431004,8.258012606,8.472045914,8.668794307,8.986818738,9.458065893
Guatemala,GTM,Population ages 65 and above (% of total population),SP.POP.65UP.TO.ZS,3.838561425,3.864455849,3.889895048,3.918204231,3.950457176,3.986754096,4.024978964,4.062820232,4.099402759,4.134546651,4.167943043,4.202743481,4.243822805,4.296560616,4.357231315,4.419572346,4.486866018,4.563988433,4.653960429,4.756254809,4.850582586,4.900441881
Guam,GUM,Population ages 65 and above (% of total population),SP.POP.65UP.TO.ZS,5.174561061,5.33978028,5.516339869,5.696055329,5.866015463,6.0134829,6.131471079,6.220734568,6.304465942,6.418155304,6.659288681,7.041696599,7.468207606,7.919295557,8.393044194,8.864256034,9.323033149,9.77574938,10.23369971,10.70280624,11.11025758,11.45519369
Guyana,GUY,Population ages 65 and above (% of total population),SP.POP.65UP.TO.ZS,3.794211456,3.814442962,3.838497692,3.885221642,3.956934581,4.032070174,4.111594972,4.200145006,4.299012133,4.40913774,4.535843189,4.684842052,4.838594774,4.980931082,5.126312216,5.281041441,5.441075924,5.605881151,5.706136364,5.847990555,6.047087187,6.164558079
High income,HIC,Population ages 65 and above (% of total population),SP.POP.65UP.TO.ZS,13.73644348,13.90626832,14.07674653,14.23272316,14.39755865,14.57829926,14.75127519,14.90580746,15.06925334,15.25140855,15.42218365,15.6328012,15.94634194,16.30347065,16.65311427,16.96288425,17.28250692,17.60692407,17.90994019,18.23533853,18.58246351,18.93368412
"Hong Kong SAR, China",HKG,Population ages 65 and above (% of total population),SP.POP.65UP.TO.ZS,11.16827696,11.42000677,11.69096784,11.95800046,12.20815042,12.43594648,12.62185292,12.74582121,12.86726792,13.04929316,13.285346,13.5772127,13.93621977,14.36773233,14.89195794,15.49873014,16.10748061,16.69378693,17.31581202,18.00317671,18.76041825,19.60327055
Honduras,HND,Population ages 65 and above (% of total population),SP.POP.65UP.TO.ZS,2.999019788,2.997077376,2.999975427,3.005451146,3.010839238,3.016538982,3.024679802,3.036931719,3.05494091,3.081692375,3.119294823,3.168255812,3.23251425,3.314260327,3.409057109,3.517373786,3.635724155,3.757047223,3.880908009,4.00678634,4.117187885,4.197883794
Heavily indebted poor countries (HIPC),HPC,Population ages 65 and above (% of total population),SP.POP.65UP.TO.ZS,2.863040597,2.858185323,2.85101836,2.842630002,2.83392513,2.825754823,2.818870587,2.81373731,2.809494036,2.808385937,2.810809825,2.815408227,2.821160738,2.824522395,2.826531328,2.833403256,2.845669504,2.861210554,2.880912834,2.904067587,2.917659646,2.91596055
Croatia,HRV,Population ages 65 and above (% of total population),SP.POP.65UP.TO.ZS,15.65931263,16.00102202,16.3630943,16.66713553,16.94990266,17.21886777,17.45819156,17.67483473,17.82990233,17.89828438,17.88600086,17.98752321,18.25941925,18.58538472,18.97734159,19.39123088,19.7813034,20.18960676,20.63122448,21.10572513,21.570897,21.97091698
Haiti,HTI,Population ages 65 and above (% of total population),SP.POP.65UP.TO.ZS,3.703943596,3.722493466,3.74926738,3.782469734,3.815398099,3.847792236,3.881996761,3.916806441,3.952921321,3.989944133,3.994872436,3.99892529,4.030562676,4.049753021,4.07406696,4.117801082,4.169617482,4.228288864,4.294069397,4.365388706,4.433114882,4.48978294
Hungary,HUN,Population ages 65 and above (% of total population),SP.POP.65UP.TO.ZS,15.00231571,15.12115646,15.22638319,15.33430513,15.4494592,15.59002357,15.74469682,15.93180138,16.13444791,16.36236691,16.56124945,16.75605377,17.03648321,17.36418997,17.72692592,18.09625135,18.47453076,18.80568082,19.14355116,19.61258297,20.09745582,20.41988361
IBRD only,IBD,Population ages 65 and above (% of total population),SP.POP.65UP.TO.ZS,6.104233882,6.21491707,6.334091596,6.453633909,6.562318969,6.663056322,6.76032399,6.842256794,6.904514457,6.965411705,7.037722747,7.138552,7.269911612,7.424103707,7.613650458,7.844343296,8.095745601,8.371962565,8.669991201,8.977628816,9.282986449,9.543475586
IDA & IBRD total,IBT,Population ages 65 and above (% of total population),SP.POP.65UP.TO.ZS,5.485294324,5.567673139,5.655821037,5.743705513,5.822702874,5.89486013,5.963513784,6.019521349,6.060343868,6.100271557,6.148922075,6.22005039,6.315416018,6.428218722,6.567153672,6.737479545,6.923516982,7.128034862,7.348525283,7.575035108,7.794870428,7.975583755
IDA total,IDA,Population ages 65 and above (% of total population),SP.POP.65UP.TO.ZS,3.224332436,3.234221325,3.243855453,3.253316536,3.261971398,3.269716525,3.277229876,3.283818348,3.290270769,3.298667561,3.31060397,3.326341686,3.344481868,3.361840492,3.37893205,3.402421783,3.433514416,3.47143568,3.516778311,3.567092851,3.608882142,3.638873173
IDA blend,IDB,Population ages 65 and above (% of total population),SP.POP.65UP.TO.ZS,3.282797404,3.285362537,3.290253918,3.297066051,3.303770806,3.310023239,3.316718221,3.323802624,3.331213499,3.338688626,3.348661106,3.361972975,3.375983924,3.388019003,3.397548689,3.411109285,3.432305277,3.459964474,3.494300092,3.532791407,3.563252042,3.582611616
Indonesia,IDN,Population ages 65 and above (% of total population),SP.POP.65UP.TO.ZS,5.011286566,5.122555243,5.235413175,5.347608719,5.453516929,5.551797615,5.643295385,5.726220078,5.800090771,5.866911689,5.928346602,5.985426805,6.035585421,6.08128701,6.130103079,6.185525947,6.254861797,6.345066091,6.458385226,6.593818247,6.709519116,6.779631475
IDA only,IDX,Population ages 65 and above (% of total population),SP.POP.65UP.TO.ZS,3.194374433,3.207923854,3.220006603,3.23086929,3.240533273,3.249054886,3.25700279,3.263335937,3.269271826,3.278104987,3.291009209,3.307975194,3.328253612,3.348366286,3.36936237,3.397966968,3.43413203,3.477272799,3.528180528,3.58443586,3.631886804,3.667174484
Isle of Man,IMN,Population ages 65 and above (% of total population),SP.POP.65UP.TO.ZS,16.90532278,16.74389382,16.72442944,16.74824704,16.81950773,16.94516149,17.04652395,17.11271817,17.20794663,17.36186071,17.56990504,17.96572594,18.56873533,19.17200972,19.71607705,20.22717213,20.65320943,20.99186408,21.29381502,21.56839384,21.84412015,22.03860509
India,IND,Population ages 65 and above (% of total population),SP.POP.65UP.TO.ZS,4.493683062,4.551883114,4.613991159,4.677712821,4.737673409,4.793042956,4.846329949,4.898343297,4.95067779,5.005686273,5.065987426,5.135396172,5.217438256,5.315839598,5.45741729,5.640294939,5.835516764,6.040795894,6.254069446,6.47202495,6.672320068,6.80246463
Not classified,INX,Population ages 65 and above (% of total population),SP.POP.65UP.TO.ZS,,,,,,,,,,,,,,,,,,,,,,
Ireland,IRL,Population ages 65 and above (% of total population),SP.POP.65UP.TO.ZS,11.16812227,11.13819522,11.10141022,11.06719243,11.05141439,10.96874211,10.79152023,10.67883548,10.75820472,11.0042852,11.34645498,11.73760331,12.14586323,12.55570045,12.86913553,13.11594467,13.38415906,13.65547999,13.94233166,14.2427654,14.54433264,14.82906135
"Iran, Islamic Rep.",IRN,Population ages 65 and above (% of total population),SP.POP.65UP.TO.ZS,4.111326398,4.196265096,4.30119267,4.4074178,4.491913239,4.569142205,4.645255306,4.729983414,4.819585961,4.914219696,5.019767133,5.144590194,5.286179141,5.435555438,5.602789922,5.787129673,6.003412314,6.253066347,6.518681296,6.805110385,7.107654162,7.375061819
Iraq,IRQ,Population ages 65 and above (% of total population),SP.POP.65UP.TO.ZS,3.17457472,3.150686769,3.130962715,3.114834361,3.101646193,3.091737532,3.08337929,3.075728256,3.07081691,3.068854228,3.067811722,3.064338844,3.055684033,3.05963766,3.075923881,3.0945066,3.129481585,3.194261481,3.278715362,3.364364912,3.402863363,3.409824264
Iceland,ISL,Population ages 65 and above (% of total population),SP.POP.65UP.TO.ZS,11.56159624,11.58786697,11.65782945,11.7185586,11.75278466,11.71958246,11.61934486,11.54855012,11.58223565,11.80518851,12.13619072,12.45172929,12.77433606,13.07478293,13.36956173,13.68817388,13.9315021,14.03318084,14.13020689,14.30782941,14.57186182,14.92554039
Israel,ISR,Population ages 65 and above (% of total population),SP.POP.65UP.TO.ZS,9.97986254,10.0115951,10.05824963,10.08830646,10.09966439,10.09585167,10.06775831,10.01642261,9.964319851,9.962342194,10.0084056,10.13484502,10.3487886,10.55382677,10.73231783,10.90973676,11.10050865,11.31046374,11.51235094,11.67314007,11.80568929,11.9301681
Italy,ITA,Population ages 65 and above (% of total population),SP.POP.65UP.TO.ZS,18.30603032,18.59525028,18.87017112,19.12409044,19.39292225,19.70945694,19.98325755,20.13563127,20.21905444,20.3154967,20.4058117,20.63444259,20.98228521,21.32436026,21.68750844,22.00585092,22.28083005,22.52394389,22.76208001,23.06287618,23.37207108,23.68037723
Jamaica,JAM,Population ages 65 and above (% of total population),SP.POP.65UP.TO.ZS,5.887880163,5.785144428,5.684463925,5.596812103,5.53656695,5.512347849,5.51986022,5.557172108,5.621100454,5.707075169,5.813589837,5.930879358,6.044966025,6.145224402,6.210085461,6.280890531,6.397430616,6.525569675,6.66783435,6.843835661,7.042547153,7.236053966
Jordan,JOR,Population ages 65 and above (% of total population),SP.POP.65UP.TO.ZS,2.709865206,2.794350911,2.883946385,2.973582946,3.058298326,3.13609964,3.206113818,3.265720562,3.322044861,3.375064569,3.427169828,3.480720303,3.54075639,3.429959451,3.185957169,3.117398521,3.190847892,3.274973137,3.374498458,3.492065169,3.612476702,3.723602144
Japan,JPN,Population ages 65 and above (% of total population),SP.POP.65UP.TO.ZS,17.80488845,18.41939672,19.02458993,19.56877502,20.06106878,20.60441215,21.25729113,21.9407321,22.58175633,23.16588998,23.60053533,23.97777973,24.64745219,25.5814883,26.52698471,27.32820041,27.94592014,28.46399366,28.90165436,29.27981368,29.58317845,29.78708991
Kazakhstan,KAZ,Population ages 65 and above (% of total population),SP.POP.65UP.TO.ZS,6.569410687,6.721165792,6.940407249,7.176008088,7.380458187,7.519163994,7.564817439,7.48204337,7.28371106,7.025820692,6.796220903,6.668671815,6.652189755,6.720719734,6.83928293,6.99049056,7.149607249,7.31287798,7.489699996,7.679783972,7.844053633,7.949710847
Kenya,KEN,Population ages 65 and above (% of total population),SP.POP.65UP.TO.ZS,2.206818666,2.205287499,2.197873402,2.18573117,2.170744884,2.155354698,2.140367161,2.123291491,2.105036672,2.09034959,2.108372762,2.170567314,2.248554295,2.332493339,2.425368325,2.502568302,2.561359124,2.625053942,2.697856582,2.757806696,2.803077111,2.843770473
Kyrgyz Republic,KGZ,Population ages 65 and above (% of total population),SP.POP.65UP.TO.ZS,5.060309833,5.07593782,5.121869145,5.177140315,5.216836933,5.217457697,5.164657976,5.029892259,4.795128161,4.497361973,4.212473016,4.006079964,3.892257221,3.8356447,3.820296702,3.845828401,3.895569163,3.962966451,4.048617702,4.157223929,4.267982532,4.385251963
Cambodia,KHM,Population ages 65 and above (% of total population),SP.POP.65UP.TO.ZS,3.062792886,3.107019246,3.15365376,3.202778167,3.257240565,3.315379521,3.373474962,3.431787623,3.495459678,3.569495358,3.649154679,3.7327145,3.822558613,3.925786298,4.056176077,4.210245057,4.378875123,4.566140632,4.777361036,5.015740622,5.272591665,5.532191211
Kiribati,KIR,Population ages 65 and above (% of total population),SP.POP.65UP.TO.ZS,3.246815385,3.236460439,3.244065174,3.258166625,3.281405886,3.303655108,3.330235904,3.354967744,3.369370756,3.374671566,3.374693273,3.36077473,3.337738258,3.331097599,3.348262817,3.384558701,3.437597563,3.501505868,3.564081906,3.624809845,3.685648428,3.742803048
St. Kitts and Nevis,KNA,Population ages 65 and above (% of total population),SP.POP.65UP.TO.ZS,7.860583797,7.757880201,7.624719004,7.513380213,7.444261961,7.402810029,7.384690873,7.388067638,7.420131268,7.487337824,7.575469907,7.541796707,7.450709242,7.447688233,7.498509087,7.602008788,7.783416165,8.062069038,8.392830971,8.766230364,9.194521698,9.657294697
"Korea, Rep.",KOR,Population ages 65 and above (% of total population),SP.POP.65UP.TO.ZS,7.133980589,7.491458052,7.870549291,8.260965718,8.660944063,9.05663545,9.474292127,9.911043,10.30173759,10.66672938,11.04609092,11.39667574,11.73564953,12.11800721,12.53594025,12.95759607,13.36362334,13.87334534,14.45328474,15.0656922,15.82906932,16.65076472
Kuwait,KWT,Population ages 65 and above (% of total population),SP.POP.65UP.TO.ZS,1.556642547,1.604780702,1.639742615,1.660261736,1.667718839,1.673367548,1.689974101,1.715295665,1.742256163,1.769419256,1.802245158,1.850484975,1.920013857,2.018089586,2.164660176,2.346994929,2.559518884,2.837811154,3.1443518,3.526716751,3.983905769,4.4576569
Latin America & Caribbean (excluding high income),LAC,Population ages 65 and above (% of total population),SP.POP.65UP.TO.ZS,5.523958863,5.62743112,5.737197096,5.850295812,5.967331018,6.089578164,6.21658705,6.344989387,6.476041162,6.61025242,6.739139398,6.876979448,7.029209868,7.193172809,7.373102421,7.565931842,7.762728958,7.966938743,8.182136455,8.399028431,8.596584856,8.771972817
Lao PDR,LAO,Population ages 65 and above (% of total population),SP.POP.65UP.TO.ZS,3.547214406,3.604964901,3.661189836,3.712534811,3.759712248,3.780858265,3.78086242,3.790776496,3.812121574,3.843663078,3.885469545,3.936333352,3.994989248,4.06049078,4.134318192,4.151069795,4.123321041,4.126027788,4.154155827,4.206687056,4.278575331,4.357178379
Lebanon,LBN,Population ages 65 and above (% of total population),SP.POP.65UP.TO.ZS,5.201576525,5.296796683,5.395064527,5.495162668,5.588684526,5.674164872,5.756944929,5.839862625,5.925643049,6.017368343,6.116028075,6.225797471,6.350947577,6.499307122,6.669750655,7.030805651,7.57166177,8.090835678,8.56621226,8.992034029,9.350073332,9.622099152
Liberia,LBR,Population ages 65 and above (% of total population),SP.POP.65UP.TO.ZS,3.185556627,3.234703889,3.283098622,3.327966264,3.372467711,3.415175742,3.451036162,3.481531367,3.506948872,3.528967696,3.546220406,3.542339254,3.528454671,3.515236388,3.481669461,3.447466562,3.430336919,3.416919083,3.405444564,3.395560418,3.375167528,3.340932379
Libya,LBY,Population ages 65 and above (% of total population),SP.POP.65UP.TO.ZS,3.633775576,3.690828285,3.732300327,3.750865675,3.775114559,3.811357204,3.826466787,3.857465196,3.896845893,3.927036153,3.960358827,4.246952069,4.555083455,4.555863518,4.584721547,4.651478828,4.71747459,4.762065651,4.778973332,4.787232261,4.80500882,4.822333217
St. Lucia,LCA,Population ages 65 and above (% of total population),SP.POP.65UP.TO.ZS,7.163322884,7.30259942,7.336240223,7.330117482,7.332302316,7.363100151,7.4208789,7.495313936,7.589751803,7.706224678,7.807646181,7.88460924,7.970009935,8.059616562,8.144573764,8.230414012,8.321642051,8.432041589,8.568874798,8.727570016,8.916431642,9.078966777
Latin America & Caribbean,LCN,Population ages 65 and above (% of total population),SP.POP.65UP.TO.ZS,5.65055277,5.754927987,5.865087165,5.978553173,6.095499438,6.217808622,6.344959068,6.473826324,6.60575443,6.741683461,6.873761044,7.014667981,7.169948078,7.337034486,7.519352056,7.714647087,7.915283634,8.125880439,8.35068322,8.58186563,8.795019868,8.983912598
Least developed countries: UN classification,LDC,Population ages 65 and above (% of total population),SP.POP.65UP.TO.ZS,3.161967515,3.176560017,3.189071838,3.199889647,3.209806673,3.219287764,3.229358637,3.239018856,3.248031543,3.259825,3.275909062,3.295408068,3.316586957,3.334130334,3.35055483,3.375480738,3.408761898,3.448661581,3.496498104,3.549923247,3.594150305,3.6254382
Low income,LIC,Population ages 65 and above (% of total population),SP.POP.65UP.TO.ZS,2.959715222,2.971033441,2.980050299,2.987940259,2.995781234,3.002125641,3.006333812,3.00858811,3.009417177,3.011471123,3.01705107,3.026489423,3.037756964,3.047768339,3.056062319,3.068166654,3.077871802,3.084388274,3.097490288,3.116695555,3.130737479,3.13197698
Liechtenstein,LIE,Population ages 65 and above (% of total population),SP.POP.65UP.TO.ZS,10.29324936,10.35190484,10.52740925,10.71764706,10.93731778,11.29799009,11.69836197,12.12677278,12.62552789,13.16066098,13.61270389,14.08853519,14.62970319,15.16213609,15.68611594,16.18123411,16.68860261,17.15164232,17.59775805,18.04739878,18.47455878,18.85910424
Sri Lanka,LKA,Population ages 65 and above (% of total population),SP.POP.65UP.TO.ZS,7.145760488,7.150429896,7.158304168,7.172535821,7.187593748,7.208667071,7.241204716,7.314207732,7.410061081,7.517621221,7.642611247,7.783559648,8.004150135,8.303095864,8.634274407,8.986503183,9.336979581,9.696994848,10.07474499,10.44922221,10.8029791,11.15664748
Lower middle income,LMC,Population ages 65 and above (% of total population),SP.POP.65UP.TO.ZS,4.455347011,4.501868394,4.554872516,4.609202868,4.656884641,4.698314138,4.736335267,4.770273995,4.800062779,4.831080922,4.865530802,4.908129074,4.962164474,5.026123609,5.11430908,5.228028996,5.352194398,5.488084628,5.634597954,5.789284155,5.931658419,6.031415592
Low & middle income,LMY,Population ages 65 and above (% of total population),SP.POP.65UP.TO.ZS,5.393169612,5.47678557,5.565846155,5.654771878,5.734999639,5.808452486,5.878582754,5.936473794,5.979115845,6.02024248,6.070247125,6.141738784,6.236314984,6.347693029,6.484640164,6.653146753,6.836733757,7.03812561,7.255531719,7.479171547,7.696927073,7.876378419
Lesotho,LSO,Population ages 65 and above (% of total population),SP.POP.65UP.TO.ZS,4.420478027,4.466877022,4.501801847,4.524643382,4.534765063,4.525660658,4.483402301,4.422059376,4.350797626,4.277290761,4.219608285,4.175270216,4.147357448,4.144216427,4.171593503,4.178883329,4.158690444,4.15303575,4.162137963,4.187106851,4.210948937,4.207820055
Late-demographic dividend,LTE,Population ages 65 and above (% of total population),SP.POP.65UP.TO.ZS,7.242218534,7.410376979,7.587189731,7.763971722,7.927695964,8.082062919,8.232103703,8.354834222,8.443581825,8.530033193,8.640040429,8.796956523,8.999890958,9.238477606,9.521153751,9.86251675,10.23312371,10.64015597,11.07943667,11.5334961,12.0136313,12.46372163
Lithuania,LTU,Population ages 65 and above (% of total population),SP.POP.65UP.TO.ZS,14.02431884,14.47414176,14.93151343,15.38889089,15.83876075,16.26049012,16.67325974,17.07493008,17.42830981,17.71027257,17.98073188,18.24467566,18.46781015,18.70748181,18.99431622,19.27034014,19.50373823,19.73218682,19.94365688,20.1774922,20.42003832,20.59000582
Luxembourg,LUX,Population ages 65 and above (% of total population),SP.POP.65UP.TO.ZS,13.93252959,13.84670124,13.92459283,13.94301337,13.96627482,14.008964,13.99682687,13.97726669,13.96030374,13.9584187,13.92895846,13.89177277,13.90164997,13.97510982,14.08861662,14.17280243,14.21888366,14.27637068,14.35156017,14.44425806,14.55814924,14.74509675
Latvia,LVA,Population ages 65 and above (% of total population),SP.POP.65UP.TO.ZS,15.14643811,15.56571274,16.02385751,16.49904417,16.96278634,17.38156282,17.74366774,18.03565906,18.26080305,18.45160844,18.60429815,18.78588755,19.02863993,19.31600333,19.64516849,19.94844762,20.2239855,20.49972824,20.74946639,21.05227321,21.40015139,21.61494173
"Macao SAR, China",MAC,Population ages 65 and above (% of total population),SP.POP.65UP.TO.ZS,7.254069561,7.302754132,7.28675792,7.225646603,7.156338355,7.073711829,6.993449401,6.941183319,6.925299387,6.965016086,7.07881076,7.290854864,7.629127618,8.04805068,8.49268497,8.94977399,9.421347288,9.926183314,10.48040603,11.07544988,11.67950399,12.321459
St. Martin (French part),MAF,Population ages 65 and above (% of total population),SP.POP.65UP.TO.ZS,3.841672436,3.860266895,3.90077181,3.9619155,4.053950729,4.182111682,4.341339262,4.527474417,4.72686859,4.974883412,5.263590981,5.595598349,5.974851496,6.369337392,6.725656188,7.117361508,7.62259056,8.142855072,8.684991802,9.261355917,9.853162535,10.48751859
Morocco,MAR,Population ages 65 and above (% of total population),SP.POP.65UP.TO.ZS,4.294987232,4.378791056,4.465931319,4.553953691,4.628775804,4.695376911,4.776271934,4.872844054,4.967298632,5.056491962,5.152679674,5.26398111,5.389198226,5.524478178,5.680523587,5.867960279,6.085840328,6.330770804,6.594797229,6.874118521,7.15127379,7.424923404
Monaco,MCO,Population ages 65 and above (% of total population),SP.POP.65UP.TO.ZS,22.22975158,22.32958836,22.4109183,22.5767023,22.81730337,23.10013845,23.41851239,23.75168903,24.42721737,25.75343734,27.36862727,28.96008249,30.48947422,31.9049837,33.20132927,34.39336235,35.04134015,35.19280865,35.37362608,35.62132095,35.84989979,35.97012484
Moldova,MDA,Population ages 65 and above (% of total population),SP.POP.65UP.TO.ZS,10.37924081,10.48509452,10.55253804,10.54958229,10.56113109,10.62486661,10.70814062,10.79019708,10.79464708,10.69195364,10.54069859,10.4296191,10.38640473,10.52361453,10.89851188,11.3583439,11.80880543,12.229815,12.61333736,13.00341439,13.35531389,13.60611189
Madagascar,MDG,Population ages 65 and above (% of total population),SP.POP.65UP.TO.ZS,2.828140791,2.823662234,2.818047559,2.810301219,2.799719617,2.785694713,2.769789314,2.753880334,2.738812434,2.726324723,2.717383276,2.714319901,2.718057026,2.732370238,2.783280401,2.861534763,2.939607674,3.01787857,3.095799194,3.175453982,3.246199364,3.300050033
Maldives,MDV,Population ages 65 and above (% of total population),SP.POP.65UP.TO.ZS,3.780267003,3.946074721,4.122196429,4.303130115,4.477476091,4.63751311,4.715959421,4.690027866,4.627274157,4.556107232,4.476670783,4.39148543,4.306657773,4.229302669,4.188722891,4.181302258,4.1806044,4.188027313,4.211671887,4.272281113,4.384007402,4.543898592
Middle East & North Africa,MEA,Population ages 65 and above (% of total population),SP.POP.65UP.TO.ZS,3.989754977,4.025565994,4.062487666,4.093624143,4.115169512,4.126201366,4.124820658,4.11940249,4.117370186,4.126160841,4.153538591,4.207343003,4.278300019,4.356561239,4.443397802,4.538815553,4.644740825,4.764996664,4.895475228,5.033754788,5.178902106,5.314836607
Mexico,MEX,Population ages 65 and above (% of total population),SP.POP.65UP.TO.ZS,5.004303951,5.125689919,5.254809144,5.382523646,5.505423773,5.623162898,5.738137987,5.849697219,5.960960013,6.07181783,6.169367195,6.289207402,6.444264111,6.607631686,6.78540885,6.983834118,7.198677618,7.424720066,7.668200865,7.881906725,8.021236699,8.133638985
Marshall Islands,MHL,Population ages 65 and above (% of total population),SP.POP.65UP.TO.ZS,2.133721842,2.146545862,2.155204052,2.155322702,2.136473441,2.106318957,2.084582392,2.070745857,2.062564455,2.060903476,2.041542249,2.041663914,2.11675686,2.256949516,2.450489404,2.653335897,2.830598605,3.025229674,3.274696123,3.571548342,3.911225771,4.265160523
Middle income,MIC,Population ages 65 and above (% of total population),SP.POP.65UP.TO.ZS,5.604393871,5.697056041,5.796875005,5.897209704,5.988021195,6.071928139,6.153114222,6.221394283,6.273068282,6.323131199,6.382769951,6.465840053,6.57413377,6.700819979,6.856242527,7.047010782,7.255959771,7.486092737,7.734542985,7.990836029,8.242449652,8.453823491
North Macedonia,MKD,Population ages 65 and above (% of total population),SP.POP.65UP.TO.ZS,9.722093756,9.915510202,10.09457863,10.25199859,10.4155863,10.59373515,10.76967174,10.93459622,11.09447821,11.25073722,11.39470386,11.54699622,11.74939675,12.04258079,12.38759867,12.72190865,13.05141797,13.40962988,13.81893748,14.2528342,14.58555525,14.76824844
Mali,MLI,Population ages 65 and above (% of total population),SP.POP.65UP.TO.ZS,3.160346188,3.099650128,3.040875293,2.986295354,2.937685552,2.901771709,2.879266012,2.861512095,2.842747496,2.819149803,2.787175408,2.751560593,2.72293989,2.698189385,2.669444879,2.642176726,2.617081422,2.590952385,2.565272176,2.538968905,2.495874961,2.437427137
Malta,MLT,Population ages 65 and above (% of total population),SP.POP.65UP.TO.ZS,12.69615229,12.99845954,13.29940684,13.58648773,13.85095591,14.06664424,14.21786368,14.42119389,14.91250032,15.57918171,16.24159712,16.88925824,17.46342814,17.92571853,18.28942682,18.55595478,18.69586598,18.75694738,18.79467682,18.82515991,18.8412715,18.86670666
Myanmar,MMR,Population ages 65 and above (% of total population),SP.POP.65UP.TO.ZS,4.935481607,4.969997061,4.999537438,5.025124193,5.046865079,5.065679983,5.083321299,5.101866068,5.116144669,5.137645667,5.174895469,5.22012045,5.271894036,5.332815146,5.434709439,5.57610101,5.727988973,5.890790262,6.069133123,6.26086487,6.454152183,6.628186734
Middle East & North Africa (excluding high income),MNA,Population ages 65 and above (% of total population),SP.POP.65UP.TO.ZS,4.023076075,4.06489815,4.108986051,4.147963874,4.175017659,4.196371541,4.215646473,4.236465976,4.262095495,4.294498705,4.335853373,4.395561794,4.471030968,4.552766511,4.640794135,4.738279267,4.85218978,4.983632102,5.124120517,5.269932854,5.409003668,5.530584064
Montenegro,MNE,Population ages 65 and above (% of total population),SP.POP.65UP.TO.ZS,10.90965216,11.23723472,11.5776381,11.92382718,12.27358348,12.58122648,12.79078959,12.90751635,12.98627877,13.02318507,12.99885586,13.03190311,13.1912067,13.40690958,13.70435973,14.08244757,14.43174918,14.77773315,15.172748,15.59075565,15.96612338,16.25915712
Mongolia,MNG,Population ages 65 and above (% of total population),SP.POP.65UP.TO.ZS,3.424345246,3.453428192,3.483540062,3.518364238,3.571702977,3.648913453,3.725725833,3.77975801,3.807451913,3.813159461,3.80739088,3.798483019,3.7910913,3.793960502,3.804383492,3.839060885,3.879794868,3.929969014,4.013949471,4.123137102,4.260283183,4.418715971
Northern Mariana Islands,MNP,Population ages 65 and above (% of total population),SP.POP.65UP.TO.ZS,1.328752715,1.445035796,1.594707205,1.745452109,1.906854802,2.067351921,2.219194672,2.374324935,2.542810501,2.741142552,3.038594869,3.402545721,3.762485915,4.177175133,4.651342178,5.170439104,5.743844484,6.38589367,7.111760496,7.919491355,8.812882539,9.787496337
Mozambique,MOZ,Population ages 65 and above (% of total population),SP.POP.65UP.TO.ZS,2.820552353,2.803509401,2.790954839,2.774883058,2.757383878,2.741387666,2.727895821,2.71466905,2.7002133,2.68265648,2.659178582,2.631123413,2.60526231,2.590111545,2.583820942,2.576938768,2.569514894,2.569295983,2.578276688,2.592593938,2.600126005,2.587680073
Mauritania,MRT,Population ages 65 and above (% of total population),SP.POP.65UP.TO.ZS,3.014096271,3.022460712,3.034373214,3.047071334,3.057888725,3.071992877,3.089205137,3.104796309,3.202326761,3.371695676,3.523743,3.65598458,3.768212956,3.756185948,3.640506519,3.544633034,3.469479247,3.411490513,3.368829761,3.340113145,3.304736681,3.259400811
Mauritius,MUS,Population ages 65 and above (% of total population),SP.POP.65UP.TO.ZS,6.218200794,6.325289405,6.431750477,6.533517395,6.63638254,6.742230821,6.848138827,6.961208389,7.110776301,7.319234218,7.563837828,7.81882478,8.099510803,8.43443224,8.836414139,9.306594038,9.816865302,10.32129604,10.80866911,11.28549487,11.78311447,12.29395776
Malawi,MWI,Population ages 65 and above (% of total population),SP.POP.65UP.TO.ZS,3.671460428,3.799881701,3.912092653,4.018960181,4.116174544,4.194267348,4.247408002,4.257686454,4.153974004,3.981059564,3.833138628,3.705473504,3.592044811,3.480273405,3.371435426,3.261089248,3.148692145,3.046767026,2.954417774,2.871059728,2.788998734,2.698272808
Malaysia,MYS,Population ages 65 and above (% of total population),SP.POP.65UP.TO.ZS,4.100010242,4.185370328,4.288490664,4.397064983,4.495898216,4.585736298,4.675184622,4.768987964,4.873055596,4.992728904,5.112144828,5.232236983,5.370034195,5.523446599,5.692319809,5.876382706,6.074786232,6.288742182,6.518916637,6.760912333,7.011719852,7.250488985
North America,NAC,Population ages 65 and above (% of total population),SP.POP.65UP.TO.ZS,12.33398037,12.32425755,12.32403133,12.32484324,12.35980499,12.42251253,12.49453827,12.59108008,12.7595701,12.94973995,13.1307713,13.3819599,13.70527309,14.02342436,14.28409838,14.4964328,14.84583335,15.23955929,15.57738987,15.97398016,16.40861716,16.86975239
Namibia,NAM,Population ages 65 and above (% of total population),SP.POP.65UP.TO.ZS,3.133896713,3.126665688,3.127626057,3.13959043,3.161510061,3.190565831,3.226132839,3.267351614,3.313283967,3.362824327,3.415972358,3.471467151,3.526923095,3.58102254,3.638607384,3.702319705,3.768283928,3.83557687,3.904591653,3.975873896,4.032645561,4.028080543
New Caledonia,NCL,Population ages 65 and above (% of total population),SP.POP.65UP.TO.ZS,5.377205614,5.564270432,5.761756261,5.97184731,6.195906549,6.429944598,6.678418545,6.936763886,7.20296037,7.463717499,7.681126435,7.875037316,8.081569466,8.301901811,8.54634195,8.830980243,9.129772068,9.422064825,9.721110643,10.0415595,10.37908122,10.69058374
Niger,NER,Population ages 65 and above (% of total population),SP.POP.65UP.TO.ZS,2.238845394,2.245871854,2.252884885,2.260811247,2.271464229,2.285073537,2.30077705,2.318978689,2.339750202,2.36195291,2.383829182,2.402188911,2.412304678,2.406072546,2.383025327,2.376595057,2.391504857,2.406609979,2.421635272,2.436368746,2.435611921,2.41935305
Nigeria,NGA,Population ages 65 and above (% of total population),SP.POP.65UP.TO.ZS,3.111072277,3.105219442,3.100120162,3.096158862,3.092251743,3.08824308,3.085309198,3.082731019,3.080111768,3.078893118,3.078683846,3.077798695,3.074525275,3.063685837,3.04262093,3.026103296,3.018933933,3.012882601,3.009797635,3.010140334,3.002533207,2.98161812
Nicaragua,NIC,Population ages 65 and above (% of total population),SP.POP.65UP.TO.ZS,3.206858574,3.282519675,3.355130547,3.42501177,3.495389998,3.553087827,3.601858761,3.662099026,3.734793619,3.817419857,3.905283599,3.992694722,4.08075008,4.177180397,4.28514101,4.409433655,4.543900796,4.678080802,4.813980637,4.952487453,5.058359769,5.158381675
Netherlands,NLD,Population ages 65 and above (% of total population),SP.POP.65UP.TO.ZS,13.60184689,13.67309642,13.75151293,13.8542834,14.00574851,14.19387522,14.38444789,14.58649006,14.84240409,15.15075933,15.44729149,15.90422988,16.51101955,17.03264686,17.48831447,17.88825051,18.24688947,18.60664938,18.96561344,19.31906629,19.64706302,19.95142413
Norway,NOR,Population ages 65 and above (% of total population),SP.POP.65UP.TO.ZS,15.15840472,15.00253544,14.86412449,14.7616818,14.72061681,14.70880719,14.67553441,14.63980891,14.66045765,14.78158026,14.98194894,15.24652669,15.52974304,15.78035449,16.02971512,16.27712856,16.51993153,16.78360099,17.08728013,17.39638278,17.72992649,18.09832869
Nepal,NPL,Population ages 65 and above (% of total population),SP.POP.65UP.TO.ZS,3.763653499,3.804651305,3.857185118,3.921524385,3.9918797,4.082699292,4.198394425,4.326882637,4.461402961,4.596776232,4.727908458,4.863761071,5.017744884,5.190640196,5.359053672,5.504837312,5.633328028,5.750305264,5.86275085,5.972242326,6.039798624,6.048720277
Nauru,NRU,Population ages 65 and above (% of total population),SP.POP.65UP.TO.ZS,1.575675806,1.461931873,1.371781867,1.363109049,1.427258213,1.487763509,1.520229249,1.514634978,1.469296105,1.402257292,1.352473024,1.312846446,1.330971418,1.430775705,1.517436812,1.60922623,1.726926944,1.818959983,1.87856424,1.9783209,2.119366626,2.285896975
New Zealand,NZL,Population ages 65 and above (% of total population),SP.POP.65UP.TO.ZS,11.70493813,11.77757436,11.77391842,11.763904,11.82118869,11.97399523,12.18378422,12.3797286,12.54603469,12.72573655,12.95369654,13.26421637,13.66485541,14.07125576,14.35970311,14.54512383,14.70806741,14.86170718,15.03747216,15.26989934,15.57840749,15.92826325
OECD members,OED,Population ages 65 and above (% of total population),SP.POP.65UP.TO.ZS,12.74191496,12.89635083,13.05170808,13.19517798,13.34831519,13.52312418,13.70277576,13.87324496,14.05530998,14.24983412,14.4222834,14.62455981,14.92481012,15.26397103,15.59179639,15.88331298,16.18442249,16.48598269,16.77723763,17.08764924,17.39144306,17.68849839
Oman,OMN,Population ages 65 and above (% of total population),SP.POP.65UP.TO.ZS,2.44999101,2.440966651,2.41916645,2.38840681,2.403462334,2.463986845,2.517330076,2.554130837,2.571153045,2.569492096,2.529342907,2.485881872,2.475351629,2.482039364,2.506031339,2.533186109,2.534395769,2.529550708,2.556998442,2.633828166,2.75632877,2.790981294
Other small states,OSS,Population ages 65 and above (% of total population),SP.POP.65UP.TO.ZS,5.167485131,5.188936341,5.213486497,5.234836283,5.252961083,5.258792521,5.240248131,5.208579654,5.177179951,5.159901623,5.162342414,5.177818335,5.202098821,5.230512339,5.263807677,5.297957043,5.33337288,5.380356984,5.44068455,5.517680978,5.610051867,5.687387708
Pakistan,PAK,Population ages 65 and above (% of total population),SP.POP.65UP.TO.ZS,3.461702823,3.467119902,3.479336529,3.49779309,3.520268432,3.547337602,3.579868622,3.616328619,3.65537301,3.694549475,3.730641911,3.765918877,3.8034454,3.840760513,3.874586766,3.906103911,3.94366647,3.992537099,4.050001402,4.1155596,4.174179163,4.221414284
Panama,PAN,Population ages 65 and above (% of total population),SP.POP.65UP.TO.ZS,5.071123117,5.180978653,5.300000112,5.427082783,5.559781347,5.697474914,5.841152048,5.989717958,6.142260848,6.298859972,6.459498002,6.62335571,6.789983227,6.958788514,7.13459255,7.318632579,7.508264647,7.706937125,7.918051586,8.143978592,8.363759611,8.56533281
Peru,PER,Population ages 65 and above (% of total population),SP.POP.65UP.TO.ZS,4.708255162,4.90908011,5.144695698,5.399536837,5.659270841,5.919933541,6.179358195,6.431767864,6.68432144,6.928900952,7.14719326,7.340479148,7.516377789,7.680634076,7.818026592,7.91004603,7.951089235,8.0038904,8.077203215,8.161664541,8.252534563,8.320642943
Philippines,PHL,Population ages 65 and above (% of total population),SP.POP.65UP.TO.ZS,3.773442195,3.822008154,3.870045942,3.919272763,3.96094786,3.996436384,4.031409583,4.076038826,4.13477732,4.203633833,4.273020954,4.332375332,4.391560999,4.465518254,4.553482724,4.637606228,4.720854273,4.819683083,4.936315242,5.072536412,5.222187319,5.326165727
Palau,PLW,Population ages 65 and above (% of total population),SP.POP.65UP.TO.ZS,5.112671415,5.17197902,5.269255957,5.389974597,5.497927917,5.554434976,5.604404006,5.687803367,5.784886004,5.914849539,6.084306481,6.291118421,6.541847766,6.826542361,7.108338953,7.373271889,7.689717108,8.039693886,8.407736013,8.790779449,9.153127087,9.51509099
Papua New Guinea,PNG,Population ages 65 and above (% of total population),SP.POP.65UP.TO.ZS,2.283446019,2.325309393,2.366495175,2.403069785,2.435364012,2.463986528,2.489990821,2.514749714,2.539770489,2.565767566,2.592846172,2.622134217,2.652068854,2.683992376,2.720797935,2.761658543,2.806053981,2.854205404,2.907470255,2.965914908,3.033583804,3.10407011
Poland,POL,Population ages 65 and above (% of total population),SP.POP.65UP.TO.ZS,12.17168357,12.3465446,12.56309581,12.75211488,12.92426177,13.09237259,13.22845035,13.30340151,13.33646697,13.36753591,13.40561748,13.6117328,14.01852051,14.49938325,15.00995318,15.53674764,16.1080683,16.68799827,17.25773791,17.83281071,18.37404018,18.8362632
Pre-demographic dividend,PRE,Population ages 65 and above (% of total population),SP.POP.65UP.TO.ZS,2.847572531,2.836296185,2.825423599,2.815158996,2.805114105,2.795261659,2.786212165,2.778076806,2.770481586,2.765137416,2.764137516,2.766085126,2.7689655,2.769703749,2.767207416,2.767998412,2.774562172,2.785334139,2.800966409,2.818821205,2.825936731,2.818709872
Puerto Rico,PRI,Population ages 65 and above (% of total population),SP.POP.65UP.TO.ZS,11.15174811,11.40849569,11.67281229,11.94939603,12.24661956,12.56283242,12.91081057,13.29956244,13.72788011,14.19758196,14.71007192,15.27807349,15.89684001,16.54744181,17.24270195,17.99654594,18.7999355,19.63998422,20.41378689,21.07726762,21.70504357,22.35642973
"Korea, Dem. People's Rep.",PRK,Population ages 65 and above (% of total population),SP.POP.65UP.TO.ZS,6.364998557,6.671602476,7.004252676,7.375917283,7.762367672,8.125573472,8.461960406,8.766421588,9.035603226,9.284926324,9.538876117,9.802952047,10.05892653,10.27832415,10.45936798,10.67418204,10.76345951,10.70354518,10.72712366,10.8693404,11.1009497,11.35730724
Portugal,PRT,Population ages 65 and above (% of total population),SP.POP.65UP.TO.ZS,16.27349232,16.52951136,16.74976981,16.9588871,17.20138757,17.42875783,17.62037108,17.80957283,18.02471052,18.2933458,18.59369984,18.92471301,19.26828007,19.67137097,20.12673548,20.55290393,20.96311119,21.36508455,21.71831715,22.02147674,22.29672559,22.56067311
Paraguay,PRY,Population ages 65 and above (% of total population),SP.POP.65UP.TO.ZS,4.24355349,4.279780203,4.33511696,4.404666769,4.480206915,4.558080352,4.646704639,4.749993493,4.859890299,4.968571651,5.068731866,5.159439991,5.24878607,5.347554271,5.457851378,5.570367193,5.68444003,5.802455674,5.921373241,6.042127088,6.162234398,6.22844599
West Bank and Gaza,PSE,Population ages 65 and above (% of total population),SP.POP.65UP.TO.ZS,2.232931156,2.284294683,2.348763524,2.418761949,2.485112532,2.546811561,2.604235007,2.657281565,2.709580412,2.762952127,2.816111503,2.870164708,2.926667975,2.980059293,3.039339688,3.103411253,3.165494374,3.229190122,3.294734532,3.366223846,3.43230164,3.484362776
Pacific island small states,PSS,Population ages 65 and above (% of total population),SP.POP.65UP.TO.ZS,3.466770767,3.52023764,3.57374519,3.62994638,3.689621168,3.74755382,3.803775369,3.859278256,3.902432572,3.934522986,3.969933181,4.016034604,4.070278161,4.129386846,4.19191773,4.243108678,4.289541712,4.354856233,4.438700327,4.534298677,4.633670176,4.72493823
Post-demographic dividend,PST,Population ages 65 and above (% of total population),SP.POP.65UP.TO.ZS,14.441885,14.63215346,14.83088784,15.01780042,15.21002464,15.42112344,15.63047595,15.81923435,16.00871168,16.21178643,16.39091793,16.60833682,16.93907312,17.31687531,17.68601246,18.01169439,18.34663139,18.68678044,19.00286408,19.34132178,19.68252714,20.02707799
French Polynesia,PYF,Population ages 65 and above (% of total population),SP.POP.65UP.TO.ZS,3.859887537,4.061572482,4.28672037,4.54017802,4.81540961,5.096482507,5.361748411,5.573240107,5.783464055,6.030660774,6.279159091,6.530933464,6.781083382,7.026129041,7.270597814,7.518840798,7.787825572,8.095095456,8.442384297,8.826311443,9.237561668,9.627604989
Qatar,QAT,Population ages 65 and above (% of total population),SP.POP.65UP.TO.ZS,1.251979682,1.237495047,1.212026885,1.179852924,1.154196931,1.128712988,1.085206786,1.025088614,0.95937242,0.893884862,0.858095709,0.899942162,0.989447226,1.039842535,1.004102798,0.984915549,1.043844594,1.099749258,1.129220322,1.171936087,1.255821199,1.395655514
Romania,ROU,Population ages 65 and above (% of total population),SP.POP.65UP.TO.ZS,13.35647352,13.66952493,13.99981998,14.30730979,14.57715666,14.7782764,14.93628357,15.08698322,15.24158165,15.44604897,15.65320616,15.82417112,15.97030667,16.14617433,16.45315846,16.83008994,17.19318087,17.5646775,17.95007881,18.33270241,18.68589294,18.92363942
Russian Federation,RUS,Population ages 65 and above (% of total population),SP.POP.65UP.TO.ZS,12.34897741,12.49465362,12.7714294,13.13747367,13.50004161,13.79557974,13.97997075,13.92943394,13.58019858,13.1409184,12.79095159,12.69687726,12.82981923,13.01144261,13.28952157,13.61549995,13.90210927,14.21591061,14.54035404,14.90699887,15.30607018,15.59341999
Rwanda,RWA,Population ages 65 and above (% of total population),SP.POP.65UP.TO.ZS,2.399380714,2.61805745,2.801420541,2.870993745,2.878653845,2.900607275,2.930761385,2.967384227,3.010857753,3.059588279,3.112130519,3.171113325,3.152356745,3.065145368,3.006491253,2.978048793,2.972382761,2.984639265,3.01318864,3.054321346,3.102105476,3.143741916
South Asia,SAS,Population ages 65 and above (% of total population),SP.POP.65UP.TO.ZS,4.304775016,4.355371042,4.408720718,4.464175129,4.518044395,4.569229544,4.620015088,4.67108258,4.722890705,4.776405516,4.833992374,4.898900374,4.974586515,5.063185665,5.182962918,5.335716698,5.501344423,5.677560909,5.862883935,6.053732537,6.227644213,6.346776028
Saudi Arabia,SAU,Population ages 65 and above (% of total population),SP.POP.65UP.TO.ZS,2.633291146,2.621823093,2.601950236,2.575931615,2.567388342,2.523407588,2.429536188,2.34151859,2.260987057,2.190921073,2.154255166,2.155876043,2.173802555,2.206165505,2.262229544,2.32113291,2.328018692,2.303333143,2.29264507,2.291075743,2.396632907,2.600001958
Sudan,SDN,Population ages 65 and above (% of total population),SP.POP.65UP.TO.ZS,2.513518406,2.474209477,2.437654147,2.404677545,2.373122541,2.346189745,2.331474745,2.32996442,2.33957543,2.363012436,2.401735653,2.455853346,2.526135536,2.608390247,2.696096014,2.792614889,2.898155274,3.007312371,3.119953235,3.234326407,3.337984423,3.424042536
Senegal,SEN,Population ages 65 and above (% of total population),SP.POP.65UP.TO.ZS,3.287093801,3.289923644,3.292384468,3.293261472,3.290809128,3.284236632,3.274161816,3.262874216,3.252794656,3.243944858,3.236804208,3.230664623,3.219723979,3.199708758,3.164862334,3.145067032,3.150950897,3.157656263,3.164098744,3.172373174,3.173108982,3.157509279
Singapore,SGP,Population ages 65 and above (% of total population),SP.POP.65UP.TO.ZS,6.317689019,6.507220047,6.70582509,6.862828259,6.957448849,6.998903821,7.00076205,6.986492591,6.98117891,7.02315483,7.201366414,7.521040099,7.871875967,8.197353641,8.50861453,8.922555645,9.564966886,10.37578886,11.26299577,12.19557804,13.15419909,14.12598811
Solomon Islands,SLB,Population ages 65 and above (% of total population),SP.POP.65UP.TO.ZS,3.319933439,3.333144109,3.347897609,3.362412229,3.375266276,3.385383203,3.393595235,3.402864339,3.41414067,3.424564754,3.433053876,3.437742112,3.439114066,3.441140865,3.44465081,3.446936311,3.448962111,3.453515507,3.458784162,3.464554447,3.462865881,3.457366028
Sierra Leone,SLE,Population ages 65 and above (% of total population),SP.POP.65UP.TO.ZS,3.444484996,3.410638785,3.379653655,3.349404129,3.320162239,3.291659438,3.265497074,3.243242925,3.227122013,3.21818001,3.214823812,3.21343231,3.214748282,3.204645148,3.174322978,3.151505864,3.143070916,3.137596156,3.13803819,3.146177404,3.147157255,3.140372568
El Salvador,SLV,Population ages 65 and above (% of total population),SP.POP.65UP.TO.ZS,4.873766506,5.119917102,5.371422868,5.630032014,5.895565113,6.170541439,6.456966318,6.645421815,6.731424454,6.818194318,6.907607407,6.995692032,7.076246545,7.153565697,7.238386051,7.349063547,7.499228063,7.682655873,7.874116175,8.024364445,8.103770843,8.150607345
San Marino,SMR,Population ages 65 and above (% of total population),SP.POP.65UP.TO.ZS,16.05368627,16.03043661,16.01952161,16.11307297,16.30660823,16.23119154,15.72649287,15.76971832,16.60260586,17.16383071,17.25065253,17.27623825,17.46046119,17.71244874,17.97870588,18.28716116,18.54938819,18.80845066,19.0932779,19.38263477,19.69888552,20.04415404
Somalia,SOM,Population ages 65 and above (% of total population),SP.POP.65UP.TO.ZS,2.620609038,2.608032172,2.600763301,2.594750171,2.583526158,2.566141271,2.546000811,2.524214586,2.502815781,2.484139649,2.467686449,2.454505923,2.44948555,2.450673936,2.458728845,2.485101159,2.520075252,2.550550749,2.579907779,2.607929186,2.615840809,2.596591936
Serbia,SRB,Population ages 65 and above (% of total population),SP.POP.65UP.TO.ZS,14.68188116,15.14875956,15.58409864,15.96735858,16.32237833,16.63419506,16.91462818,17.16432887,17.36369635,17.52696349,17.69374183,17.90055884,18.14910511,18.45870092,18.84736266,19.26605187,19.59242058,19.89369555,20.22735827,20.54142818,20.74464619,20.72013111
Sub-Saharan Africa (excluding high income),SSA,Population ages 65 and above (% of total population),SP.POP.65UP.TO.ZS,2.947448146,2.942932541,2.938909083,2.934646402,2.930253306,2.926832866,2.924153431,2.921860916,2.920004568,2.920850031,2.926350263,2.935275027,2.945366423,2.953408473,2.959163805,2.96815536,2.983463271,3.002263352,3.023328224,3.045592781,3.057077694,3.050686392
South Sudan,SSD,Population ages 65 and above (% of total population),SP.POP.65UP.TO.ZS,2.451344485,2.454612459,2.455587148,2.456771791,2.460128596,2.465085696,2.471898372,2.480700918,2.490160659,2.499510658,2.509486027,2.517980484,2.525158727,2.528419018,2.530382601,2.537796135,2.561881529,2.613877892,2.681122325,2.745259085,2.800600063,2.84682492
Sub-Saharan Africa,SSF,Population ages 65 and above (% of total population),SP.POP.65UP.TO.ZS,2.947865187,2.943342811,2.939324034,2.93504664,2.930640901,2.927210781,2.924527539,2.922227017,2.920371117,2.921211739,2.926717102,2.935627839,2.94571683,2.953759971,2.959517696,2.968515063,2.983825948,3.002629362,3.02369919,3.045971888,3.057469474,3.051092978
Small states,SST,Population ages 65 and above (% of total population),SP.POP.65UP.TO.ZS,5.172117896,5.191107317,5.21275376,5.234328001,5.255554852,5.270818193,5.271837384,5.26638971,5.263345969,5.273674691,5.301947445,5.341858885,5.389664103,5.441140948,5.49411814,5.54944269,5.611095153,5.684212976,5.768965201,5.873478413,5.996287975,6.101462372
Sao Tome and Principe,STP,Population ages 65 and above (% of total population),SP.POP.65UP.TO.ZS,4.265778789,4.206949363,4.146047657,4.100831483,4.06158646,4.017491287,3.963505698,3.902393071,3.832968877,3.757410402,3.682637114,3.608007762,3.554833631,3.531227259,3.523597827,3.535887154,3.569569839,3.624363994,3.696579983,3.774248715,3.788630678,3.760070818
Suriname,SUR,Population ages 65 and above (% of total population),SP.POP.65UP.TO.ZS,4.835923286,5.079981575,5.32001388,5.570884116,5.709380851,5.737191253,5.78145578,5.828815826,5.871655511,5.91838322,5.977146206,6.038161973,6.088310469,6.128590098,6.178446923,6.264737825,6.396389734,6.565632927,6.751982645,6.931278585,7.114806487,7.266170678
Slovak Republic,SVK,Population ages 65 and above (% of total population),SP.POP.65UP.TO.ZS,11.28360676,11.34688086,11.41920886,11.5035319,11.60517331,11.72813758,11.86973306,12.01891201,12.17314885,12.35823127,12.53181737,12.70899005,12.99021395,13.36277704,13.77341999,14.22368687,14.73266468,15.26558961,15.7882262,16.31628897,16.82418459,17.2284439
Slovenia,SVN,Population ages 65 and above (% of total population),SP.POP.65UP.TO.ZS,13.89959075,14.23260279,14.53119242,14.75886211,14.98543988,15.23337865,15.48672643,15.75619962,16.02572328,16.2194744,16.25613824,16.36464253,16.6721112,17.03642368,17.44917989,17.89486761,18.32661888,18.7611514,19.22422177,19.69069547,20.10099918,20.50094614
Sweden,SWE,Population ages 65 and above (% of total population),SP.POP.65UP.TO.ZS,17.26456983,17.21443514,17.17549786,17.1604406,17.19557821,17.24004826,17.28734751,17.40839767,17.6307109,17.93386123,18.26778314,18.59755925,18.9014028,19.17215294,19.41137574,19.591707,19.70746034,19.79361595,19.88163504,19.96956736,20.0325934,20.10428488
Eswatini,SWZ,Population ages 65 and above (% of total population),SP.POP.65UP.TO.ZS,2.349401478,2.372776542,2.404386717,2.441922295,2.481741962,2.523962436,2.568582522,2.61515477,2.668208135,2.732841593,2.807931486,2.891652264,2.984135953,3.081276452,3.1921678,3.31967589,3.450912191,3.582016701,3.713114348,3.845118001,3.947723933,3.99351322
Sint Maarten (Dutch part),SXM,Population ages 65 and above (% of total population),SP.POP.65UP.TO.ZS,3.027271684,3.054125619,3.123569046,3.241895262,3.370318112,3.519662163,3.73280943,4.009459649,4.310451072,4.605805329,4.979717866,5.426542774,5.344489029,5.179525951,5.473075792,5.882426097,6.360953901,6.962335104,7.613648468,8.261982317,8.938252926,9.6589619
Seychelles,SYC,Population ages 65 and above (% of total population),SP.POP.65UP.TO.ZS,6.397701724,6.424897246,6.446408317,6.448583597,6.438685231,6.425020085,6.409240697,6.409320177,6.429878185,6.467098759,6.521586218,6.583925736,6.633161611,6.685691834,6.761155498,6.852075776,6.952645796,7.065086607,7.211375253,7.40089583,7.638112385,7.889039687
Syrian Arab Republic,SYR,Population ages 65 and above (% of total population),SP.POP.65UP.TO.ZS,3.323782808,3.346991514,3.368866771,3.388651714,3.402777382,3.411050333,3.391149623,3.344912892,3.344656375,3.378066392,3.404986556,3.448553551,3.533875655,3.715419935,3.946877956,4.131997739,4.258810208,4.371765228,4.457194244,4.494211847,4.551174166,4.623143093
Turks and Caicos Islands,TCA,Population ages 65 and above (% of total population),SP.POP.65UP.TO.ZS,3.985168983,3.981408177,4.065928731,4.241127901,4.455910969,4.705146906,4.99840815,5.34490635,5.725330027,6.091565928,6.472557232,6.877920561,7.252069014,7.569691467,7.884807775,8.264112213,8.675303623,9.077903825,9.460680928,9.769034355,9.974817341,10.14873432
Chad,TCD,Population ages 65 and above (% of total population),SP.POP.65UP.TO.ZS,2.805093317,2.744886755,2.686881634,2.62916352,2.569032329,2.506378803,2.444172627,2.385227234,2.330298494,2.2787716,2.230307598,2.185804439,2.14381039,2.104482212,2.060633087,2.032057512,2.027605116,2.027136759,2.029782347,2.034970713,2.032637834,2.020324522
East Asia & Pacific (IDA & IBRD countries),TEA,Population ages 65 and above (% of total population),SP.POP.65UP.TO.ZS,6.347817963,6.51524283,6.678764474,6.83347931,6.972634459,7.107336979,7.248142885,7.379554032,7.497241551,7.616746961,7.750990544,7.909713939,8.093590098,8.306785881,8.556163504,8.86137921,9.201390442,9.583364156,10.00145792,10.43052946,10.88226817,11.30586486
Europe & Central Asia (IDA & IBRD countries),TEC,Population ages 65 and above (% of total population),SP.POP.65UP.TO.ZS,10.55443268,10.69642814,10.91593351,11.16816273,11.39626699,11.57165192,11.67758732,11.66289033,11.50050593,11.29532178,11.11696755,11.06477409,11.14706139,11.27573734,11.46910768,11.69933674,11.92167565,12.15396742,12.41832516,12.71759689,12.98943727,13.18291441
Togo,TGO,Population ages 65 and above (% of total population),SP.POP.65UP.TO.ZS,2.807807572,2.794646858,2.784359668,2.776941268,2.76981937,2.76308861,2.757692675,2.753732863,2.752350268,2.754654536,2.761046919,2.775916301,2.798797887,2.826463937,2.854398568,2.883124743,2.915326907,2.949281116,2.984436188,3.020764835,3.05815284,3.095902765
Thailand,THA,Population ages 65 and above (% of total population),SP.POP.65UP.TO.ZS,6.100601344,6.369628247,6.636654118,6.911565125,7.215784566,7.543728149,7.846283579,8.097175482,8.323225205,8.561101932,8.845710708,9.182566095,9.562181414,9.991778722,10.46215958,10.96380057,11.48717868,12.03064845,12.60279349,13.20834872,13.85036651,14.51157673
Tajikistan,TJK,Population ages 65 and above (% of total population),SP.POP.65UP.TO.ZS,3.581955264,3.58212367,3.592033299,3.606276606,3.619226831,3.620403644,3.598859186,3.540243118,3.444680528,3.330405072,3.212504376,3.109378651,3.032810832,2.985383164,2.96592816,2.969352935,2.994916461,3.039059327,3.098919741,3.17687592,3.236186745,3.323208955
Turkmenistan,TKM,Population ages 65 and above (% of total population),SP.POP.65UP.TO.ZS,4.082022581,4.126388807,4.18448219,4.249317738,4.307136076,4.33709084,4.329546718,4.278906182,4.185089163,4.071670543,3.971245468,3.906805901,3.884023653,3.89960998,3.94547065,4.019513628,4.12219417,4.245982538,4.384709086,4.542228364,4.715781518,4.91425616
Latin America & the Caribbean (IDA & IBRD countries),TLA,Population ages 65 and above (% of total population),SP.POP.65UP.TO.ZS,5.511858341,5.614197901,5.721825391,5.832752926,5.947165077,6.066654993,6.190915741,6.31645923,6.444487087,6.576445772,6.704167715,6.841024594,6.992536577,7.15629811,7.336286185,7.529642551,7.72841943,7.937453047,8.162288599,8.391679939,8.601275803,8.790833371
Timor-Leste,TLS,Population ages 65 and above (% of total population),SP.POP.65UP.TO.ZS,3.098503517,3.186670564,3.272948539,3.368271913,3.483023314,3.620809986,3.784772129,3.97582017,4.203335038,4.485190608,4.779204887,4.994671943,5.143118578,5.280292367,5.411789033,5.48339585,5.493311078,5.489348353,5.467309587,5.429199004,5.372059123,5.285356965
Middle East & North Africa (IDA & IBRD countries),TMN,Population ages 65 and above (% of total population),SP.POP.65UP.TO.ZS,4.041693535,4.08352643,4.127541499,4.166336046,4.193086458,4.214118438,4.233095334,4.253679626,4.279164904,4.311466469,4.352800433,4.412686152,4.488479916,4.570614144,4.659026043,4.756951768,4.871538847,5.00381974,5.145345735,5.292199544,5.432331608,5.554966629
Tonga,TON,Population ages 65 and above (% of total population),SP.POP.65UP.TO.ZS,5.397041982,5.438937307,5.488227814,5.54685592,5.611409422,5.659662891,5.687447029,5.711405462,5.726068904,5.714272381,5.741105477,5.829356801,5.906401741,5.960929694,5.979338901,5.986506097,6.00714235,6.038988759,6.094122234,6.147183672,6.18218785,6.201835555
South Asia (IDA & IBRD),TSA,Population ages 65 and above (% of total population),SP.POP.65UP.TO.ZS,4.304775016,4.355371042,4.408720718,4.464175129,4.518044395,4.569229544,4.620015088,4.67108258,4.722890705,4.776405516,4.833992374,4.898900374,4.974586515,5.063185665,5.182962918,5.335716698,5.501344423,5.677560909,5.862883935,6.053732537,6.227644213,6.346776028
Sub-Saharan Africa (IDA & IBRD countries),TSS,Population ages 65 and above (% of total population),SP.POP.65UP.TO.ZS,2.947865187,2.943342811,2.939324034,2.93504664,2.930640901,2.927210781,2.924527539,2.922227017,2.920371117,2.921211739,2.926717102,2.935627839,2.94571683,2.953759971,2.959517696,2.968515063,2.983825948,3.002629362,3.02369919,3.045971888,3.057469474,3.051092978
Trinidad and Tobago,TTO,Population ages 65 and above (% of total population),SP.POP.65UP.TO.ZS,5.311242097,5.369436121,5.449219091,5.537520649,5.641716976,5.774845872,5.921152253,6.083897981,6.265999666,6.486660277,6.741776195,7.017577217,7.327091853,7.669829763,8.045022235,8.452847995,8.880172895,9.31112865,9.676754775,10.12776694,10.67442744,11.10061658
Tunisia,TUN,Population ages 65 and above (% of total population),SP.POP.65UP.TO.ZS,5.448274646,5.563242915,5.668889415,5.771636833,5.880677204,6.013484632,6.165397282,6.320714223,6.479432076,6.639234097,6.798694363,6.93457143,7.062859757,7.196686066,7.336904499,7.501030583,7.680121824,7.876218003,8.09452477,8.336196913,8.578492538,8.79763313
Turkiye,TUR,Population ages 65 and above (% of total population),SP.POP.65UP.TO.ZS,5.366724602,5.448987263,5.538571114,5.636139755,5.735496346,5.835888453,5.937323787,6.042099952,6.149070231,6.253142366,6.360124404,6.47765923,6.607480363,6.755687242,6.918341503,7.086226366,7.239264791,7.359729284,7.613920366,7.950830268,8.182095467,8.37874278
Tuvalu,TUV,Population ages 65 and above (% of total population),SP.POP.65UP.TO.ZS,6.00747043,5.83069168,5.682172963,5.64720484,5.673288056,5.73518285,5.777378994,5.74933491,5.641549844,5.515253423,5.398360112,5.303490491,5.283522963,5.339805825,5.422515827,5.479452055,5.473645411,5.518356038,5.669581224,5.823293173,5.994218087,6.221270139
Tanzania,TZA,Population ages 65 and above (% of total population),SP.POP.65UP.TO.ZS,2.784651354,2.770969081,2.765196278,2.763177709,2.763830047,2.766817145,2.774221087,2.787819169,2.811034907,2.851038255,2.898407694,2.944155189,2.992047641,3.03210462,3.057639897,3.070383151,3.078111301,3.087187005,3.101133176,3.120505298,3.127677782,3.11768665
Uganda,UGA,Population ages 65 and above (% of total population),SP.POP.65UP.TO.ZS,2.238130262,2.167029266,2.094500311,2.02120025,1.947360104,1.87505004,1.805913216,1.740462099,1.679348795,1.625805571,1.581869713,1.547866276,1.526446465,1.521082215,1.533610541,1.554146456,1.57608854,1.599576695,1.622351178,1.645365861,1.664815845,1.677171508
Ukraine,UKR,Population ages 65 and above (% of total population),SP.POP.65UP.TO.ZS,13.95613057,14.23470378,14.72927678,15.27593677,15.71834922,16.04010414,16.24743446,16.27792829,16.05843996,15.77245181,15.45319044,15.24079368,15.21790519,15.26163245,15.45778436,15.74318663,16.03316368,16.33760686,16.61684192,16.92043046,17.19005768,17.39855753
Upper middle income,UMC,Population ages 65 and above (% of total population),SP.POP.65UP.TO.ZS,6.913881593,7.072929289,7.240676416,7.408939434,7.565570895,7.714979306,7.863377531,7.989482536,8.083609253,8.172764919,8.280799014,8.431289253,8.62278049,8.843558902,9.099667982,9.405209103,9.741298654,10.11252031,10.51503864,10.92801536,11.35135215,11.74241633
Uruguay,URY,Population ages 65 and above (% of total population),SP.POP.65UP.TO.ZS,13.10296427,13.25722772,13.41141427,13.56006166,13.69809171,13.82995269,13.95424892,14.0624256,14.15881986,14.24927545,14.33714693,14.42493428,14.51657566,14.60185281,14.67127542,14.73868346,14.81700855,14.9128755,15.03027976,15.16674574,15.33815201,15.45851971
United States,USA,Population ages 65 and above (% of total population),SP.POP.65UP.TO.ZS,12.31762964,12.29694532,12.28745779,12.2779343,12.30471923,12.36016288,12.42207195,12.5078037,12.6708585,12.85625857,13.0281785,13.27020312,13.58443693,13.89107568,14.13556338,14.3277541,14.6723115,15.0662904,15.39769758,15.79180083,16.22340015,16.67889549
Uzbekistan,UZB,Population ages 65 and above (% of total population),SP.POP.65UP.TO.ZS,4.595783416,4.67586627,4.759386981,4.837603814,4.88913394,4.899816633,4.877330664,4.829723713,4.760899203,4.674053483,4.577852129,4.486354321,4.406213784,4.342604832,4.304268703,4.333401428,4.419356217,4.519432392,4.632265457,4.754650127,4.867529812,4.981817234
St. Vincent and the Grenadines,VCT,Population ages 65 and above (% of total population),SP.POP.65UP.TO.ZS,7.034816035,7.088550787,7.180727989,7.30938572,7.452434341,7.608719905,7.770144445,7.937360139,8.114000299,8.298016652,8.487066304,8.689772544,8.899179334,9.105630526,9.313266986,9.53118837,9.77279698,10.01530102,10.2530858,10.48478177,10.67498148,10.79199095
"Venezuela, RB",VEN,Population ages 65 and above (% of total population),SP.POP.65UP.TO.ZS,4.751594075,4.822912819,4.897159613,4.979400671,5.06141074,5.153832564,5.252539561,5.359873839,5.470710017,5.584270188,5.709762298,5.845042983,5.987572083,6.134359478,6.285479257,6.4463505,6.624204798,6.862151139,7.212717308,7.622560146,7.994342737,8.338136991
British Virgin Islands,VGB,Population ages 65 and above (% of total population),SP.POP.65UP.TO.ZS,4.777775014,4.744269358,4.732824427,4.77901872,4.84911184,4.955846367,5.075547333,5.220118296,5.403025081,5.635365245,5.891638845,6.142264502,6.407234087,6.675623332,6.951779366,7.238085509,7.535559366,7.865934797,8.226471073,8.650767723,9.074733096,9.465972624
Virgin Islands (U.S.),VIR,Population ages 65 and above (% of total population),SP.POP.65UP.TO.ZS,8.403198225,8.755069163,9.167281656,9.623163821,10.1247857,10.62959589,11.13463425,11.69318305,12.30818354,12.98054796,13.70051441,14.45731161,15.21861548,15.9560053,16.63813199,17.25379,17.8091296,18.31057132,18.78270992,19.24791597,19.64457277,20.00479564
Vietnam,VNM,Population ages 65 and above (% of total population),SP.POP.65UP.TO.ZS,6.200051513,6.267605062,6.317985095,6.354117963,6.382032832,6.404670861,6.423424474,6.439131581,6.453404263,6.467506345,6.485548411,6.515007991,6.558612615,6.628816784,6.78985621,7.023750237,7.23221257,7.471518418,7.757511391,8.073652222,8.427408549,8.753133855
Vanuatu,VUT,Population ages 65 and above (% of total population),SP.POP.65UP.TO.ZS,3.53353395,3.56335344,3.571296051,3.583930213,3.604154947,3.632729487,3.662259305,3.689381614,3.71613896,3.757585366,3.777912676,3.769489124,3.761753658,3.757207338,3.753236986,3.745679419,3.728753116,3.707117238,3.698982166,3.703953128,3.713364454,3.723171746
World,WLD,Population ages 65 and above (% of total population),SP.POP.65UP.TO.ZS,6.886086288,6.974300486,7.067338428,7.157960232,7.243344548,7.326410703,7.406790497,7.474893194,7.532187556,7.590062238,7.651639082,7.734585437,7.855115422,7.996680594,8.158134261,8.339237807,8.534842044,8.745477217,8.966736932,9.196582939,9.425143158,9.617039391
Samoa,WSM,Population ages 65 and above (% of total population),SP.POP.65UP.TO.ZS,4.301443416,4.344310893,4.405252117,4.480912508,4.558058419,4.63483295,4.701167239,4.744117431,4.76752856,4.778026256,4.77676496,4.77079312,4.751822091,4.728692251,4.7168128,4.721214518,4.746185732,4.789781799,4.851908193,4.927668229,5.014202331,5.109615842
Kosovo,XKX,Population ages 65 and above (% of total population),SP.POP.65UP.TO.ZS,6.281843254,6.480592918,6.649795916,6.780896204,6.880841724,6.949016999,6.982470309,6.994197397,7.01372985,7.04953529,7.082960845,7.164384902,7.320557852,7.531922282,7.826093804,8.117316479,8.383022328,8.68686822,9.017042484,9.389670387,9.689240758,9.911134684
"Yemen, Rep.",YEM,Population ages 65 and above (% of total population),SP.POP.65UP.TO.ZS,2.677776692,2.680004453,2.687273477,2.697282785,2.706800803,2.715273424,2.722645908,2.72933314,2.736497023,2.7450262,2.755288157,2.769227116,2.785759149,2.795573095,2.796191401,2.786375418,2.770451359,2.757008021,2.745709413,2.736732356,2.718384535,2.689038385
South Africa,ZAF,Population ages 65 and above (% of total population),SP.POP.65UP.TO.ZS,4.156961663,4.190474243,4.235731955,4.292281137,4.362788126,4.446107355,4.530218124,4.614505439,4.702636833,4.79463973,4.893466914,4.994930194,5.105590018,5.232520498,5.347714254,5.432210827,5.570245233,5.737334228,5.854124289,5.950038266,6.000534693,5.972130541
Zambia,ZMB,Population ages 65 and above (% of total population),SP.POP.65UP.TO.ZS,2.230042243,2.169316925,2.111612879,2.057248159,2.004140135,1.95205402,1.901968978,1.855435781,1.813266363,1.777113335,1.748071258,1.726035402,1.708656111,1.691456554,1.677824203,1.673160707,1.67471977,1.681351026,1.693789596,1.712227101,1.729860155,1.738929935
Zimbabwe,ZWE,Population ages 65 and above (% of total population),SP.POP.65UP.TO.ZS,3.075690324,3.029906655,2.982912968,2.940597409,2.913912943,2.906071105,2.8968719,2.892076892,2.902592936,2.91806423,2.940348505,2.968316305,2.989096164,2.99456568,3.028186198,3.097625938,3.167414099,3.233117989,3.293359289,3.345780737,3.376262136,3.363342563